bodyId,type,instance,side,nt,nt_conf,pre,post,status,group,sign,role,azimuth,elevation,rf_az_sd,rf_el_sd
11913,LT52,LT52_L,L,glutamate,0.77520352602005,842,3845,Traced,11913.0,-1,middle_feedback,,,,
80565,JO-A1,JO-A1_L,L,acetylcholine,0.9242008924484253,288,116,Traced,,1,sense_hearing,,,,
20749,LPLC2,LPLC2_R,R,acetylcholine,0.9662125110626221,342,2023,Traced,11498.0,1,sense_looming,20.2781018811653,-22.55072837375107,8.065082396962016,7.614101068046971
45466,LC6,LC6_R,R,acetylcholine,0.8983945250511169,178,680,Traced,18842.0,1,sense_looming,138.25410811550722,6.608096510511359,9.624098347695766,5.065371793744773
10145,PVLP130,PVLP130_L,L,gaba,0.8596009612083435,1694,5820,Traced,10145.0,-1,middle_feedback,,,,
26519,JO-FV,JO-FV_R,R,acetylcholine,0.9550895690917969,247,273,Traced,,1,sense_hearing,,,,
15665,SAD064,SAD064_R,R,acetylcholine,0.9520959854125977,557,2338,Traced,15665.0,1,middle_gf,,,,
13156,SAD052,SAD052_R,R,acetylcholine,0.9607616066932678,833,1187,Traced,13156.0,1,middle_feedback,,,,
539978,JO-DA,JO-DA_L,L,acetylcholine,0.8631417155265808,252,202,Traced,,1,sense_hearing,,,,
19082,CB1314,CB1314_R,R,gaba,0.8427704572677612,274,1100,Traced,,-1,middle_feedback,,,,
519168,LC10a,LC10a_L,L,acetylcholine,0.961131751537323,214,715,Traced,10573.0,1,sense_pursuit,137.8610837916425,-22.039954086839266,7.990981372393159,3.3976685437961156
24319,LoVP76,LoVP76_R,R,glutamate,0.8224814534187317,394,1559,Traced,21780.0,-1,middle_feedback,,,,
11199,LAL123,LAL123_R,R,unclear,0.4100343883037567,2421,10446,Traced,11199.0,0,middle_feedback,,,,
524162,SAD023,SAD023_L,L,gaba,0.8502892851829529,292,984,Traced,29859.0,-1,middle_feedback,,,,
18167,CB1948,CB1948_R,R,gaba,0.8556012511253357,355,1701,Traced,18167.0,-1,middle_feedback,,,,
46071,JO-A2,JO-A2_L,L,acetylcholine,0.8740109205245972,318,261,Traced,,1,sense_hearing,,,,
523564,PVLP011,PVLP011_L,L,gaba,0.8418892621994019,5338,39311,Traced,16659.0,-1,middle_feedback,,,,
15959,SAD014,SAD014_R,R,gaba,0.7440923452377319,234,1844,Traced,15959.0,-1,middle_feedback,,,,
218203,JO-EV6,JO-EV6_L,L,acetylcholine,0.9100934863090515,240,135,Traced,,1,sense_hearing,,,,
519415,SAD014,SAD014_L,L,gaba,0.8692271113395691,171,2268,Traced,15959.0,-1,middle_feedback,,,,
64293,JO-ED2_b,JO-ED2_b_L,L,acetylcholine,0.9380708336830139,291,195,Traced,,1,sense_hearing,,,,
922950,JO-B1_a,JO-B1_a_L,L,acetylcholine,0.8511641025543213,157,202,Traced,,1,sense_hearing,,,,
26416,LPLC2,LPLC2_L,L,acetylcholine,0.9569553732872009,327,1482,Traced,11498.0,1,sense_looming,127.69354764454528,-29.787757614197417,8.591962115125071,4.456892697177023
919061,JO-A2,JO-A2_L,L,acetylcholine,0.8865094184875488,275,201,Traced,,1,sense_hearing,,,,
64964,LC10a,LC10a_L,L,acetylcholine,0.9276236891746521,165,626,Traced,10573.0,1,sense_pursuit,114.44194689005585,24.182481717701506,6.4068451278036065,3.9471423020595804
34869,CB1638,CB1638_R,R,acetylcholine,0.9404852390289307,170,595,Traced,,1,middle_feedback,,,,
555227,CL038,CL038_L,L,glutamate,0.754686176776886,434,2862,Traced,17144.0,-1,middle_feedback,,,,
515514,JO-ED2_b,JO-ED2_b_L,L,acetylcholine,0.960928738117218,281,203,Traced,,1,sense_hearing,,,,
19260,LC4,LC4_R,R,acetylcholine,0.9603374004364014,404,2820,Traced,12032.0,1,sense_looming,23.071709216100814,7.722958735387849,11.853216355628597,6.838930415990582
12420,CB2153,CB2153_L,L,acetylcholine,0.9642693400382996,835,1617,Traced,,1,middle_feedback,,,,
68728,LC10a,LC10a_L,L,acetylcholine,0.8946344256401062,97,243,Traced,10573.0,1,sense_pursuit,4.488671549400337,-27.400914673827295,3.1364553832407838,8.25403603019191
37587,LC4,LC4_L,L,acetylcholine,0.9375774264335632,365,2148,Traced,12032.0,1,sense_looming,143.49602902121606,-12.321682887169928,11.780750836570732,7.753371416958498
19924,CB2664,CB2664_L,L,acetylcholine,0.9490370750427246,604,1580,Traced,13600.0,1,middle_feedback,,,,
533751,CB0466,CB0466_L,L,gaba,0.8701525926589966,1405,5970,Traced,12747.0,-1,middle_feedback,,,,
480601747,JO-EV2,JO-EV2_R,R,acetylcholine,0.806640625,127,101,Traced,,1,sense_hearing,,,,
22184,LC10a,LC10a_L,L,acetylcholine,0.9485363960266113,370,1286,Traced,10573.0,1,sense_pursuit,53.25233913202811,-10.653299829064991,7.926056996096882,3.32094455688346
33396,LPLC2,LPLC2_R,R,acetylcholine,0.9451278448104858,262,1744,Traced,11498.0,1,sense_looming,110.90883868649759,26.409184946032212,7.74883123554839,5.650730377489176
530841,JO-EV3,JO-EV3_R,R,acetylcholine,0.8847306370735168,269,123,Traced,,1,sense_hearing,,,,
32111,LC10a,LC10a_L,L,acetylcholine,0.9486907720565796,261,804,Traced,10573.0,1,sense_pursuit,111.96545672208114,-2.807127966943206,9.242279046571493,3.468817125048905
261211,JO-CA1,JO-CA1_L,L,acetylcholine,0.8605462312698364,136,205,Traced,,1,sense_hearing,,,,
529105,JO-EV5,JO-EV5_L,L,acetylcholine,0.9426465630531311,332,256,Traced,,1,sense_hearing,,,,
88051,CB3466,CB3466_L,L,acetylcholine,0.9669048190116882,496,3285,Traced,20568.0,1,middle_feedback,,,,
226996233,JO-EV2,JO-EV2_R,R,acetylcholine,0.7915976047515869,106,59,Traced,,1,sense_hearing,,,,
90589,AMMC035,AMMC035_L,L,gaba,0.7260071635246277,294,602,Traced,16073.0,-1,middle_feedback,,,,
35332,JO-EV2,JO-EV2_L,L,acetylcholine,0.9398307204246521,250,310,Traced,,1,sense_hearing,,,,
10348,AVLP501,AVLP501_L,L,acetylcholine,0.96806800365448,2762,9738,Traced,10348.0,1,middle_feedback,,,,
875638914,JO-EV2,JO-EV2_R,R,acetylcholine,0.5586614608764648,161,105,Traced,,1,sense_hearing,,,,
13501,VES087,VES087_R,R,gaba,0.8639931678771973,1023,5057,Traced,13289.0,-1,middle_feedback,,,,
523923,LT52,LT52_L,L,glutamate,0.7864553928375244,894,4478,Traced,11913.0,-1,middle_feedback,,,,
87750,LC10a,LC10a_L,L,acetylcholine,0.9520217180252075,128,560,Traced,10573.0,1,sense_pursuit,123.191358529892,34.86986993578293,7.831388668860802,5.263928565659098
84470,LC10a,LC10a_R,R,acetylcholine,0.8305439949035645,74,248,Traced,10573.0,1,sense_pursuit,2.572421022284832,-9.830182222418273,4.886078359798507,22.09261229034471
27620,CB1638,CB1638_R,R,acetylcholine,0.9503498077392578,239,907,Traced,,1,middle_feedback,,,,
30893,LPLC2,LPLC2_L,L,acetylcholine,0.9582617878913879,294,1439,Traced,11498.0,1,sense_looming,158.07411564452252,-7.403667678216955,8.819756687801457,6.932731986991578
517078,LPLC2,LPLC2_L,L,acetylcholine,0.9690003991127014,339,1873,Traced,11498.0,1,sense_looming,40.80579171975334,-26.43315497223488,10.289886059701972,5.602806162500568
48716,LC10a,LC10a_R,R,acetylcholine,0.9385063648223877,134,461,Traced,10573.0,1,sense_pursuit,141.26209391932912,6.207124773759745,10.366444367258396,7.044816458919376
32238,LC10a,LC10a_L,L,acetylcholine,0.9390047192573547,299,960,Traced,10573.0,1,sense_pursuit,111.48205805455152,-24.240144470362374,6.578343207609992,3.1621987386158974
519538,DNg24,DNg24_R,R,gaba,0.8703507781028748,2465,3187,Traced,10739.0,-1,middle_feedback,,,,
26730,LPLC2,LPLC2_R,R,acetylcholine,0.937930166721344,343,2120,Traced,11498.0,1,sense_looming,102.81956849625433,-32.78433394962714,8.266606928766478,4.602466898293012
523921,PVLP122,PVLP122_R,R,acetylcholine,0.9616720080375671,1188,8326,Traced,10992.0,1,middle_gf,,,,
516909,LC4,LC4_L,L,acetylcholine,0.9690302610397339,340,2327,Traced,12032.0,1,sense_looming,11.948824563058498,19.126800082993825,9.169479935877945,7.353395860878484
129290,JO-B4_a,JO-B4_a_L,L,acetylcholine,0.9571962356567383,166,116,Traced,,1,sense_hearing,,,,
87956,CB3019,CB3019_R,R,acetylcholine,0.9292101263999939,554,4087,Traced,12156.0,1,middle_feedback,,,,
11101,AVLP502,AVLP502_L,L,acetylcholine,0.9624581933021545,2132,6240,Traced,11101.0,1,middle_feedback,,,,
20799,LPLC2,LPLC2_L,L,acetylcholine,0.9535164833068848,366,2115,Traced,11498.0,1,sense_looming,48.11207205377636,13.785792984434778,7.470408742893875,4.434515787224395
23191,SAD078,SAD078_L,L,unclear,0.49450427293777466,273,1484,Traced,10505.0,0,middle_feedback,,,,
15414,PVLP123,PVLP123_R,R,acetylcholine,0.9629315733909607,493,3253,Traced,15414.0,1,middle_feedback,,,,
22397,LC10a,LC10a_R,R,acetylcholine,0.9670420289039612,378,1594,Traced,10573.0,1,sense_pursuit,48.69255496846758,-10.041550779442382,8.325331275951655,3.5970184046801092
42452,LC10a,LC10a_R,R,acetylcholine,0.9018054008483887,173,756,Traced,10573.0,1,sense_pursuit,11.95012593837366,-25.91621019312577,4.702179329373348,4.0534689525600225
89103,JO-EV1,JO-EV1_L,L,acetylcholine,0.9540267586708069,281,260,Traced,,1,sense_hearing,,,,
60254,WED106,WED106_L,L,gaba,0.8179145455360413,844,1722,Traced,15966.0,-1,middle_feedback,,,,
140676,LC10a,LC10a_L,L,acetylcholine,0.9405907988548279,256,838,Traced,10573.0,1,sense_pursuit,44.37839493254566,-41.23100002746385,4.837516640756145,2.873943601680878
11630,AVLP498,AVLP498_R,R,acetylcholine,0.9511415362358093,2136,12686,Traced,11630.0,1,middle_feedback,,,,
277683,JO-CA2,JO-CA2_L,L,acetylcholine,0.9162926077842712,166,184,Traced,,1,sense_hearing,,,,
50736,LC6,LC6_R,R,acetylcholine,0.9334009289741516,211,942,Traced,18842.0,1,sense_looming,1.9810985988534071,18.121214385195003,7.905013194723067,6.4922529918156116
231936,JO-FD1,JO-FD1_L,L,acetylcholine,0.9298060536384583,151,177,Traced,,1,sense_hearing,,,,
10667,AVLP210,AVLP210_L,L,acetylcholine,0.952167809009552,1849,8312,Traced,10667.0,1,middle_feedback,,,,
532909,LAL123,LAL123_L,L,unclear,0.434475839138031,2539,10564,Traced,11199.0,0,middle_feedback,,,,
39125,LC6,LC6_R,R,acetylcholine,0.920063853263855,213,615,Traced,18842.0,1,sense_looming,146.09484447379276,-32.99995520477954,9.056966542047284,4.294641742480854
47206,LC10a,LC10a_L,L,acetylcholine,0.9414905309677124,146,424,Traced,10573.0,1,sense_pursuit,18.476003989879082,-37.57301641179846,3.8835810601405463,2.5301150408424133
11526,PVLP114,PVLP114_R,R,acetylcholine,0.9288724660873413,2053,8618,Traced,10594.0,1,middle_feedback,,,,
529641,LAL018,LAL018_R,R,acetylcholine,0.9497498273849487,1437,8529,Traced,519461.0,1,middle_feedback,,,,
54562,LC10a,LC10a_R,R,acetylcholine,0.924015462398529,134,533,Traced,10573.0,1,sense_pursuit,14.939161315561456,-30.482628080999525,6.607325478031655,6.418051368355773
28296,SAD001,SAD001_L,L,acetylcholine,0.8666533827781677,368,696,Traced,10743.0,1,middle_feedback,,,,
37871,LC10a,LC10a_R,R,acetylcholine,0.8907862901687622,208,845,Traced,10573.0,1,sense_pursuit,79.55537670668656,49.497994482324884,8.089000731556698,3.5232647536301824
521377,DNpe024,DNpe024(CL325)_R,R,acetylcholine,0.9487159252166748,1493,4299,Traced,33335.0,1,middle_feedback,,,,
13289,VES087,VES087_R,R,gaba,0.8466673493385315,1039,5455,Traced,13289.0,-1,middle_feedback,,,,
11441,PS322,PS322_L,L,glutamate,0.6986178159713745,1739,5851,Traced,11441.0,-1,middle_feedback,,,,
62835,LC6,LC6_R,R,acetylcholine,0.9070429801940918,129,380,Traced,18842.0,1,sense_looming,91.00402652645494,39.169966914773596,9.739993845383985,2.7545051497292237
26528,LPLC2,LPLC2_L,L,acetylcholine,0.9483296275138855,331,1875,Traced,11498.0,1,sense_looming,100.01187025142502,37.66088614031668,8.55817923934789,4.16003224679602
12255,PVLP019,PVLP019_R,R,gaba,0.8542274236679077,862,3124,Traced,12255.0,-1,middle_feedback,,,,
25511,LPLC2,LPLC2_R,R,acetylcholine,0.9546025991439819,289,2608,Traced,11498.0,1,sense_looming,76.29982883878243,1.9824837870679488,8.586521898870004,5.399133732137992
516228,CB3207,CB3207_L,L,gaba,0.7932420372962952,273,694,Traced,,-1,middle_feedback,,,,
530838,JO-ED2_b,JO-ED2_b_R,R,acetylcholine,0.8795302510261536,163,62,Traced,,1,sense_hearing,,,,
92045,JO-unclear,JO-unclear_L,L,acetylcholine,0.9496414065361023,116,178,Traced,,1,sense_hearing,,,,
520655,WED208,WED208_L,L,gaba,0.7575393319129944,1313,1114,Traced,11661.0,-1,middle_feedback,,,,
27300,LC10a,LC10a_R,R,acetylcholine,0.9675914645195007,272,642,Traced,10573.0,1,sense_pursuit,119.38258994767074,-45.51749103624355,9.370301668785293,4.7848129483617345
13648,PVLP150,PVLP150_R,R,acetylcholine,0.963651716709137,1313,4685,Traced,13648.0,1,middle_feedback,,,,
30440,LC6,LC6_R,R,acetylcholine,0.9325190782546997,253,797,Traced,18842.0,1,sense_looming,43.526261816925945,-24.75480540163121,9.56181443003075,3.7098257109260024
929909,JO-EV2,JO-EV2_L,L,acetylcholine,0.7211225032806396,111,46,Traced,,1,sense_hearing,,,,
531985,PVLP010,PVLP010_R,R,glutamate,0.6049111485481262,2815,19122,Traced,10074.0,-1,middle_gf,,,,
65991,PVLP021,PVLP021_L,L,gaba,0.8581942915916443,919,3389,Traced,13794.0,-1,middle_feedback,,,,
17054,LC4,LC4_R,R,acetylcholine,0.9619563817977905,456,3806,Traced,12032.0,1,sense_looming,55.989107232232726,-44.997875089177846,20.098897974327635,6.76086779271619
10760,DNa01,DNa01(VES006)_R,R,acetylcholine,0.9433017373085022,2594,13804,Traced,10442.0,1,out_steer,,,,
348644043,JO-FV,JO-FV_R,R,acetylcholine,0.9747326970100403,51,51,Traced,,1,sense_hearing,,,,
38301,LC10a,LC10a_L,L,acetylcholine,0.9644527435302734,189,632,Traced,10573.0,1,sense_pursuit,130.76873008676677,-11.4774981551992,5.487502982948765,4.376073691524645
35424,LC6,LC6_L,L,acetylcholine,0.9564690589904785,266,976,Traced,18842.0,1,sense_looming,68.90937979813839,-27.453122511969227,13.319150081577847,3.4072205795365633
27624,LC4,LC4_L,L,acetylcholine,0.950394868850708,438,2446,Traced,12032.0,1,sense_looming,159.19846230159337,-27.41151368648036,8.533818826781385,9.264295123963398
18396,LC4,LC4_L,L,acetylcholine,0.9410451054573059,317,1818,Traced,12032.0,1,sense_looming,105.31772984872973,39.5971331572874,11.519652763890734,6.639199697811561
11579,LT82a,LT82a_R,R,acetylcholine,0.9524188041687012,1000,8321,Traced,11219.0,1,middle_feedback,,,,
17953,AOTU002_c,AOTU002_c_R,R,acetylcholine,0.9585972428321838,421,2529,Traced,17953.0,1,middle_feedback,,,,
13441,AOTU027,AOTU027_R,R,acetylcholine,0.947976291179657,762,5608,Traced,12391.0,1,middle_feedback,,,,
25304,LC10a,LC10a_L,L,acetylcholine,0.9582188129425049,353,1278,Traced,10573.0,1,sense_pursuit,70.14477072707834,-9.878167917541163,7.670077535738551,3.6359190623811375
89700,LC6,LC6_L,L,acetylcholine,0.9109321236610413,137,375,Traced,18842.0,1,sense_looming,106.15304048205853,34.84667849016729,10.632209315113673,3.0227667147881627
524366,LPLC2,LPLC2_L,L,acetylcholine,0.9465928673744202,241,1228,Traced,11498.0,1,sense_looming,129.30539056470988,5.95490681659156,9.26783239610206,5.516254696771753
51658,PS018_a,PS018_a_L,L,acetylcholine,0.9409964680671692,1122,3858,Traced,14200.0,1,middle_feedback,,,,
513681,SAD104,SAD104_L,L,gaba,0.8382224440574646,258,631,Traced,19637.0,-1,middle_feedback,,,,
800146,TTMn,TTMn_R,R,glutamate,0.618985652923584,128,4042,Traced,800146.0,-1,out_escape,,,,
43248,LC6,LC6_L,L,acetylcholine,0.9492092728614807,266,1100,Traced,18842.0,1,sense_looming,2.6138063158105247,18.41360427834441,9.59031946734636,6.271236887985842
200259,JO-FD2,JO-FD2_L,L,acetylcholine,0.9265619516372681,161,96,Traced,,1,sense_hearing,,,,
523438,SAD112_b,SAD112_b_R,R,gaba,0.8722145557403564,1566,5476,Traced,11476.0,-1,middle_feedback,,,,
23929,LC4,LC4_R,R,acetylcholine,0.9643893241882324,375,2561,Traced,12032.0,1,sense_looming,152.04003496923133,-14.837350986660127,10.001048147240262,8.663428763421226
17939,PVLP046,PVLP046_R,R,gaba,0.888421893119812,630,1427,Traced,,-1,middle_feedback,,,,
512630,JO-ED2_b,JO-ED2_b_R,R,acetylcholine,0.9349535703659058,244,117,Traced,,1,sense_hearing,,,,
29092,LC10a,LC10a_R,R,acetylcholine,0.9418630003929138,295,1455,Traced,10573.0,1,sense_pursuit,23.120942875794874,34.16221464901231,6.5432724909626705,4.24257252908598
21808,LPLC2,LPLC2_R,R,acetylcholine,0.9586682915687561,423,2601,Traced,11498.0,1,sense_looming,37.096314739528644,45.02516596989301,13.226202955070846,4.384800500592258
512629,JO-CM,JO-CM_R,R,acetylcholine,0.860437273979187,280,136,Traced,,1,sense_hearing,,,,
17548,LC4,LC4_R,R,acetylcholine,0.9587211608886719,484,3332,Traced,12032.0,1,sense_looming,52.93208816320619,-36.28968811152227,16.26936443011242,6.695355935647662
512978,LC10a,LC10a_L,L,acetylcholine,0.9452984929084778,165,397,Traced,10573.0,1,sense_pursuit,83.58261306972673,-55.08830542959725,7.1177190729427,2.665090932870343
517752,LC4,LC4_L,L,acetylcholine,0.9396756887435913,277,1847,Traced,12032.0,1,sense_looming,67.30656550685019,17.958727993731415,11.23708155681693,5.814316792295114
24164,LC10a,LC10a_R,R,acetylcholine,0.9495689272880554,347,1185,Traced,10573.0,1,sense_pursuit,36.727339561775885,-32.88441668430082,5.249852103351342,3.4505294883951594
241016,JO-B3,JO-B3_R,R,acetylcholine,0.9567386507987976,54,29,Traced,,1,sense_hearing,,,,
68291,JO-CM,JO-CM_L,L,acetylcholine,0.9677885174751282,279,119,Traced,,1,sense_hearing,,,,
19686,AOTU016_a,AOTU016_a_L,L,acetylcholine,0.9510464072227478,492,3198,Traced,18026.0,1,middle_feedback,,,,
17461,AOTU015,AOTU015_R,R,acetylcholine,0.970750629901886,488,3102,Traced,12627.0,1,middle_steer,,,,
20006,CB4118,CB4118_L,L,gaba,0.8190420269966125,391,2251,Traced,17815.0,-1,middle_feedback,,,,
60980,PS231,PS231_L,L,acetylcholine,0.9563421010971069,1108,2556,Traced,14681.0,1,middle_feedback,,,,
54962,LC6,LC6_L,L,acetylcholine,0.9234076738357544,227,804,Traced,18842.0,1,sense_looming,64.70351956137722,34.719582515681495,11.523122109003731,3.922637008304731
37431,LPLC2,LPLC2_R,R,acetylcholine,0.9539400935173035,280,1795,Traced,11498.0,1,sense_looming,53.58128540673661,-0.0595030461714785,8.100490177809657,5.249135115820796
42475,LC6,LC6_R,R,acetylcholine,0.9546992182731628,194,567,Traced,18842.0,1,sense_looming,108.40398789664198,11.054280528972953,11.05562651746376,3.938625105562506
52810,LC6,LC6_L,L,acetylcholine,0.9528669714927673,222,690,Traced,18842.0,1,sense_looming,41.95702589455873,-36.17322908972763,10.995432965950851,3.0748620223930843
21361,LPLC2,LPLC2_L,L,acetylcholine,0.957683801651001,341,2018,Traced,11498.0,1,sense_looming,5.817807240812449,-0.7180094168473588,7.279529958831848,8.26859970487704
47907,LC6,LC6_R,R,acetylcholine,0.9057532548904419,183,587,Traced,18842.0,1,sense_looming,124.73862642952685,22.469322871254164,9.18191451927229,2.719481672630073
286384065,JO-ED2_a,JO-ED2_a_L,L,acetylcholine,0.512717604637146,250,97,Traced,,1,sense_hearing,,,,
19667,LC10a,LC10a_L,L,acetylcholine,0.956875205039978,326,1064,Traced,10573.0,1,sense_pursuit,90.6795501608359,-22.375897126127306,7.111421683613146,3.117599316743989
21548,AVLP094,AVLP094_R,R,gaba,0.7862748503684998,546,1520,Traced,21548.0,-1,middle_gf,,,,
522305,JO-B1_a,JO-B1_a_L,L,acetylcholine,0.8913978934288025,163,262,Traced,,1,sense_hearing,,,,
975904445,JO-FV,JO-FV_L,L,acetylcholine,0.9281038045883179,104,69,Traced,,1,sense_hearing,,,,
24769,LC10a,LC10a_R,R,acetylcholine,0.9475061893463135,321,1468,Traced,10573.0,1,sense_pursuit,84.98901051260661,1.4354712316822713,8.669370106027934,4.358228236916628
30041,LPLC2,LPLC2_R,R,acetylcholine,0.9446232914924622,258,1749,Traced,11498.0,1,sense_looming,110.50819946238316,-4.220394592331282,10.21509601435381,4.794782386011598
525844,LPLC2,LPLC2_L,L,acetylcholine,0.9527713656425476,309,1598,Traced,11498.0,1,sense_looming,111.53801483451157,33.695398300704724,9.441304212429866,4.495440270573845
516223,AOTU006,AOTU006_L,L,acetylcholine,0.9219315052032471,570,4494,Traced,20280.0,1,middle_steer,,,,
14102,LPLC2,LPLC2_L,L,acetylcholine,0.9594039916992188,379,1999,Traced,11498.0,1,sense_looming,43.80505437042239,-16.392285917428076,8.804331099342495,6.156799602757222
17775,LPLC2,LPLC2_L,L,acetylcholine,0.9318085312843323,384,2230,Traced,11498.0,1,sense_looming,18.887916409311117,27.046281706908488,6.422204591808842,5.162608067249491
521693,PVLP122,PVLP122_L,L,acetylcholine,0.9533382654190063,1225,8374,Traced,10992.0,1,middle_feedback,,,,
520630,JO-EV6,JO-EV6_R,R,acetylcholine,0.8862032294273376,208,85,Traced,,1,sense_hearing,,,,
20182,LPLC2,LPLC2_R,R,acetylcholine,0.9544594883918762,383,2781,Traced,11498.0,1,sense_looming,53.50898727542531,8.24734381439535,7.513642279309449,5.2757620554941616
516152,PVLP027,PVLP027_L,L,gaba,0.8159507513046265,362,4557,Traced,16424.0,-1,middle_feedback,,,,
565953,JO-B3,JO-B3_L,L,acetylcholine,0.9418202042579651,118,96,Traced,,1,sense_hearing,,,,
529571,VES087,VES087_L,L,gaba,0.8676792979240417,1005,5207,Traced,13289.0,-1,middle_feedback,,,,
31334,AN08B009,AN08B009_L,L,acetylcholine,0.9660012125968933,1886,5049,Traced,30789.0,1,middle_feedback,,,,
30499,LC10a,LC10a_R,R,acetylcholine,0.9667047262191772,242,857,Traced,10573.0,1,sense_pursuit,40.26134888383081,-37.86626397607792,4.491278481501165,3.8811827546543123
24211,LC10a,LC10a_R,R,acetylcholine,0.9472762942314148,318,1613,Traced,10573.0,1,sense_pursuit,53.162364955918875,12.598578404218642,6.717862981701954,4.957322041916292
23210,LC10a,LC10a_R,R,acetylcholine,0.9602689743041992,335,1362,Traced,10573.0,1,sense_pursuit,32.02701592326268,-25.138339289021182,6.164439801513555,3.3114662077335337
158576,JO-B1_b,JO-B1_b_L,L,acetylcholine,0.9524239301681519,87,145,Traced,,1,sense_hearing,,,,
24308,LPLC2,LPLC2_L,L,acetylcholine,0.9585068225860596,359,1880,Traced,11498.0,1,sense_looming,108.11541479261308,-23.766140990701658,9.085373397569462,5.52231817506134
16775,LC10a,LC10a_L,L,acetylcholine,0.9560139179229736,311,974,Traced,10573.0,1,sense_pursuit,83.50009846901968,-25.916610969983864,6.4847663968249005,3.8714775609896024
21173,LC10a,LC10a_L,L,acetylcholine,0.9323849678039551,252,728,Traced,10573.0,1,sense_pursuit,114.94634676774712,-42.87981010068536,6.873387491447882,3.106002903205677
10986,PVLP140,PVLP140_R,R,gaba,0.8755133152008057,2005,7099,Traced,10986.0,-1,middle_feedback,,,,
43873,AOTU059,AOTU059_R,R,gaba,0.802678644657135,226,596,Traced,43873.0,-1,middle_feedback,,,,
20933,LC10a,LC10a_L,L,acetylcholine,0.9159234762191772,132,385,Traced,10573.0,1,sense_pursuit,36.87564188273929,-45.915974657742986,5.345148312593142,2.2359818250146106
40811,LPLC2,LPLC2_L,L,acetylcholine,0.946914792060852,279,1512,Traced,11498.0,1,sense_looming,126.70457247951992,28.888108795277134,12.746428333743193,6.04777168593185
10202,GNG103,GNG103(hb5813083315)_R,R,gaba,0.8195405602455139,3907,18515,Traced,10202.0,-1,middle_feedback,,,,
37963,LC6,LC6_L,L,acetylcholine,0.9260037541389465,219,622,Traced,18842.0,1,sense_looming,125.50106639340939,-7.794670172464684,11.744026026710161,3.5785455825208112
225878,JO-CA2,JO-CA2_L,L,acetylcholine,0.9293642044067383,107,245,Traced,,1,sense_hearing,,,,
32005,LC6,LC6_R,R,acetylcholine,0.9591270089149475,249,1303,Traced,18842.0,1,sense_looming,17.108526949122982,-4.562240643790801,10.696452564093878,4.550473550560456
11118,PVLP137,PVLP137_L,L,acetylcholine,0.9614062905311584,1821,9858,Traced,10329.0,1,middle_feedback,,,,
423565,JO-CM,JO-CM_R,R,acetylcholine,0.6292437314987183,59,22,Traced,,1,sense_hearing,,,,
29955,LPLC2,LPLC2_L,L,acetylcholine,0.956581711769104,267,1610,Traced,11498.0,1,sense_looming,120.6451091273517,22.224267323305597,8.961902316037227,6.022965748020265
46376,AN17B002,AN17B002_L,L,gaba,0.8497685790061951,3133,3229,Traced,46376.0,-1,middle_feedback,,,,
10447,DNge138,DNge138_M,M,unclear,0.8423277139663696,4071,6904,Traced,10447.0,0,middle_feedback,,,,
23226,LC4,LC4_L,L,acetylcholine,0.9036210775375366,300,1924,Traced,12032.0,1,sense_looming,56.53281893316418,24.44585448148382,8.885878103337891,6.104361219802836
532198,WED196,WED196_M,M,gaba,0.8142964839935303,2647,5405,Traced,,-1,middle_feedback,,,,
14017,CL022_c,CL022_c_R,R,acetylcholine,0.959500253200531,764,2998,Traced,14017.0,1,middle_feedback,,,,
522355,AN08B007,AN08B007_R,R,gaba,0.8759526014328003,2170,5379,Traced,10620.0,-1,middle_feedback,,,,
41690,LC6,LC6_L,L,acetylcholine,0.8490097522735596,270,954,Traced,18842.0,1,sense_looming,69.16549469958899,-19.87600351312993,11.782814325618384,3.4508690925437504
513904,SAD049,SAD049_L,L,acetylcholine,0.9640439748764038,817,3581,Traced,33474.0,1,middle_gf,,,,
154152,JO-FV,JO-FV_L,L,acetylcholine,0.9556801915168762,102,102,Traced,,1,sense_hearing,,,,
556767,WED106,WED106_R,R,gaba,0.8484665155410767,729,1931,Traced,15513.0,-1,middle_feedback,,,,
48790,LC10a,LC10a_L,L,acetylcholine,0.961180567741394,215,919,Traced,10573.0,1,sense_pursuit,89.55851094334696,39.79944073851138,8.581460108566274,3.4548934632902544
50564,LC10a,LC10a_R,R,acetylcholine,0.8733869791030884,134,498,Traced,10573.0,1,sense_pursuit,22.074381846575243,-30.168294133196383,8.910116832947434,22.48044791551314
36286,LC10a,LC10a_L,L,acetylcholine,0.9332445859909058,281,942,Traced,10573.0,1,sense_pursuit,105.50002085562794,3.846770239717543,8.029451277461323,3.8193765635445565
516363,AOTU017,AOTU017_L,L,acetylcholine,0.9484462141990662,554,2274,Traced,18720.0,1,middle_feedback,,,,
23878,LPLC2,LPLC2_R,R,acetylcholine,0.9540097713470459,375,2696,Traced,11498.0,1,sense_looming,67.62619087448134,25.311867031656362,7.684006539494415,4.86801209874278
30938,LPLC2,LPLC2_R,R,acetylcholine,0.9396783709526062,249,1786,Traced,11498.0,1,sense_looming,88.25144085915633,5.215909092834352,8.727812718186497,6.166816922129626
66510,LC6,LC6_L,L,acetylcholine,0.907059371471405,172,544,Traced,18842.0,1,sense_looming,116.6022336957636,37.90970177662082,11.616148546947878,4.321651202959434
20282,LC4,LC4_R,R,acetylcholine,0.9564473032951355,371,2895,Traced,12032.0,1,sense_looming,128.447600401972,-35.44337430735797,11.991190821588608,6.628222307721846
32153,LC10a,LC10a_L,L,acetylcholine,0.9542137980461121,284,888,Traced,10573.0,1,sense_pursuit,115.40105069563396,-38.13701312247522,5.912006545235546,3.112231456660753
20755,LAL300m,LAL300m_R,R,acetylcholine,0.9521787166595459,516,1806,Traced,17685.0,1,middle_steer,,,,
18936,LPLC2,LPLC2_L,L,acetylcholine,0.953520655632019,412,2317,Traced,11498.0,1,sense_looming,-5.691374579285895,-1.0942066218239503,7.035266596926447,9.042511456254443
194348,JO-EV2,JO-EV2_L,L,acetylcholine,0.9114285111427307,138,177,Traced,,1,sense_hearing,,,,
533996,JO-CM,JO-CM_L,L,acetylcholine,0.9671492576599121,256,122,Traced,,1,sense_hearing,,,,
17066,AVLP175,AVLP175_L,L,acetylcholine,0.8608983755111694,621,3369,Traced,17066.0,1,middle_feedback,,,,
10364,PVLP061,PVLP061_L,L,acetylcholine,0.9674970507621765,3755,32798,Traced,10364.0,1,middle_feedback,,,,
524756,AVLP488,AVLP488_L,L,acetylcholine,0.8954582810401917,1235,4162,Traced,13264.0,1,middle_feedback,,,,
11472,PVLP015,PVLP015_L,L,glutamate,0.7196540236473083,1681,8185,Traced,11472.0,-1,middle_feedback,,,,
16445,PVLP123,PVLP123_R,R,acetylcholine,0.9484722018241882,702,3942,Traced,16445.0,1,middle_gf,,,,
536998,JO-B1_c,JO-B1_c_R,R,acetylcholine,0.8938102722167969,60,105,Traced,,1,sense_hearing,,,,
53419,LC6,LC6_R,R,acetylcholine,0.9197620153427124,159,410,Traced,18842.0,1,sense_looming,51.345841281951934,45.14812297750703,10.455408333051444,3.938768130846656
11727,AVLP258,AVLP258_R,R,acetylcholine,0.9702432751655579,2159,8037,Traced,,1,middle_feedback,,,,
104113,JO-ED2_b,JO-ED2_b_L,L,acetylcholine,0.9274672865867615,287,172,Traced,,1,sense_hearing,,,,
520189,JO-A3,JO-A3_L,L,acetylcholine,0.9618016481399536,524,199,Traced,,1,sense_hearing,,,,
15861,PVLP026,PVLP026_R,R,gaba,0.8126040101051331,369,4300,Traced,,-1,middle_feedback,,,,
859985596,JO-EV3,JO-EV3_L,L,acetylcholine,0.6700752377510071,223,97,Traced,,1,sense_hearing,,,,
10243,VES104,VES104_L,L,gaba,0.8818669319152832,1835,5961,Traced,10243.0,-1,middle_feedback,,,,
23399,CL268,CL268_R,R,acetylcholine,0.9494864344596863,423,1950,Traced,23399.0,1,middle_feedback,,,,
25027,LPLC2,LPLC2_L,L,acetylcholine,0.960248589515686,268,1477,Traced,11498.0,1,sense_looming,101.78981573121597,9.489903628231929,7.422783863475318,5.822018332143323
14368,AOTU059,AOTU059_L,L,gaba,0.77423095703125,443,921,Traced,14368.0,-1,middle_feedback,,,,
73005,JO-EV3,JO-EV3_L,L,acetylcholine,0.9288244247436523,317,202,Traced,,1,sense_hearing,,,,
28823,LC10a,LC10a_R,R,acetylcholine,0.9638321399688721,267,752,Traced,10573.0,1,sense_pursuit,118.70905921825528,-50.90150242819012,9.824612809037763,3.5793031223941876
34643,LC10a,LC10a_L,L,acetylcholine,0.9520507454872131,257,766,Traced,10573.0,1,sense_pursuit,134.0308261748903,-37.76658521909101,6.432722645326207,2.998351297359037
40220,LC10a,LC10a_L,L,acetylcholine,0.949026346206665,302,915,Traced,10573.0,1,sense_pursuit,30.06398508913761,41.52574594395527,6.82790537050742,4.641014541617753
240644,JO-FV,JO-FV_L,L,acetylcholine,0.9529868364334106,89,71,Traced,,1,sense_hearing,,,,
17556,,,L,acetylcholine,0.9444119930267334,576,2186,Traced,,1,middle_feedback,,,,
35930,CB0533,CB0533_L,L,acetylcholine,0.9605410695075989,1505,3371,Traced,10688.0,1,middle_feedback,,,,
109189,JO-CM,JO-CM_L,L,acetylcholine,0.9487937092781067,262,135,Traced,,1,sense_hearing,,,,
17774,LPLC2,LPLC2_L,L,acetylcholine,0.9456907510757446,334,1775,Traced,11498.0,1,sense_looming,20.283340538538106,-24.79649990753586,10.12472999827314,7.23838955802031
19634,LC4,LC4_R,R,acetylcholine,0.9669544696807861,374,2663,Traced,12032.0,1,sense_looming,28.492139326306962,23.644830568059945,11.136158215297698,7.076897019599733
283806,JO-B4_b,JO-B4_b_L,L,acetylcholine,0.9339760541915894,119,110,Traced,,1,sense_hearing,,,,
26560,LC10a,LC10a_R,R,acetylcholine,0.9418076872825623,295,959,Traced,10573.0,1,sense_pursuit,105.39942256610863,-10.78416424526619,8.22183186195504,4.85186086369269
49773,LC10a,LC10a_R,R,acetylcholine,0.9621987342834473,155,477,Traced,10573.0,1,sense_pursuit,73.12896367246228,-53.259692491311654,7.072759269560207,3.7624452725570916
10872,CB0677,CB0677_L,L,gaba,0.8682395815849304,1249,7156,Traced,10215.0,-1,middle_feedback,,,,
31563,LPLC2,LPLC2_L,L,acetylcholine,0.9570000171661377,383,1792,Traced,11498.0,1,sense_looming,69.27946043105133,40.72750652983103,7.023703796532932,3.762342010909521
23590,LPLC2,LPLC2_R,R,acetylcholine,0.9437587261199951,376,2337,Traced,11498.0,1,sense_looming,51.97519753351989,48.862025316207095,9.239754034451868,4.352225519620225
512617,CB2153,CB2153_L,L,acetylcholine,0.9474127888679504,746,1544,Traced,,1,middle_feedback,,,,
26915,LPLC2,LPLC2_R,R,acetylcholine,0.9506586194038391,282,1916,Traced,11498.0,1,sense_looming,81.54235991757444,8.251528025322784,8.325035540143396,5.080977461949618
25108,JO-A2,JO-A2_L,L,acetylcholine,0.9228160977363586,355,326,Traced,,1,sense_hearing,,,,
529072,JO-EV3,JO-EV3_L,L,acetylcholine,0.9373425841331482,285,163,Traced,,1,sense_hearing,,,,
150421,JO-B1_b,JO-B1_b_L,L,acetylcholine,0.8854655027389526,87,164,Traced,,1,sense_hearing,,,,
134521,LPLC2,LPLC2_L,L,acetylcholine,0.970892608165741,252,1747,Traced,11498.0,1,sense_looming,68.97479795936732,-9.84602034994208,8.961280103769097,6.702302732674925
10010,DNp01,DNp01(GF)_L,L,acetylcholine,0.5571407079696655,976,24896,Traced,10001.0,1,out_escape,,,,
112292,LPLC2,LPLC2_L,L,acetylcholine,0.9455155730247498,299,1755,Traced,11498.0,1,sense_looming,28.246971944494177,-3.3778139052442597,6.517156810340429,6.550139861642031
12621,DNg56,DNg56_L,L,gaba,0.8798987865447998,1608,4166,Traced,10033.0,-1,middle_feedback,,,,
10795,SAD051_a,SAD051_a_L,L,acetylcholine,0.9479699730873108,1014,1429,Traced,10795.0,1,middle_feedback,,,,
14861,WED060,WED060_R,R,acetylcholine,0.9694724082946777,738,2795,Traced,14861.0,1,middle_feedback,,,,
29359,LC10a,LC10a_R,R,acetylcholine,0.960232675075531,268,1129,Traced,10573.0,1,sense_pursuit,12.178563492926472,-19.219070209275237,5.467609908864458,3.3511945534020624
51462,LC10a,LC10a_L,L,acetylcholine,0.9449282884597778,163,631,Traced,10573.0,1,sense_pursuit,-6.3506573332967164,-16.127558957511674,3.728863455702804,4.754695342124813
523317,AOTU041,AOTU041_R,R,gaba,0.8597585558891296,2199,20848,Traced,10031.0,-1,middle_feedback,,,,
18512,CB1948,CB1948_R,R,gaba,0.8560367226600647,360,2028,Traced,18167.0,-1,middle_feedback,,,,
512975,JO-A3,JO-A3_L,L,acetylcholine,0.9518139362335205,550,198,Traced,,1,sense_hearing,,,,
12444,AVLP592,AVLP592_R,R,acetylcholine,0.965308427810669,1854,8855,Traced,12020.0,1,middle_feedback,,,,
36832,LC6,LC6_R,R,acetylcholine,0.9091665744781494,237,1025,Traced,18842.0,1,sense_looming,81.92194822637501,-0.823882382406353,8.21029900458054,4.704184549066123
433834,JO-EV2,JO-EV2_L,L,acetylcholine,0.8171383738517761,191,143,Traced,,1,sense_hearing,,,,
10788,SAD112_c,SAD112_c_R,R,gaba,0.8843744993209839,1571,5465,Traced,10788.0,-1,middle_feedback,,,,
12824,LC4,LC4_L,L,acetylcholine,0.957409143447876,392,2573,Traced,12032.0,1,sense_looming,33.04728077367306,-13.730452239051921,11.987558591631249,7.229284273135292
21703,LPLC2,LPLC2_R,R,acetylcholine,0.9315572381019592,337,2382,Traced,11498.0,1,sense_looming,32.313946248947296,-7.927736114965931,8.156783779330992,6.8718678930333805
512324,SAD052,SAD052_L,L,acetylcholine,0.9541805386543274,944,1703,Traced,13156.0,1,middle_feedback,,,,
12614,SAD092,SAD092_M,M,gaba,0.6759788990020752,657,3448,Traced,,-1,middle_feedback,,,,
46033,LC6,LC6_R,R,acetylcholine,0.9477649927139282,180,739,Traced,18842.0,1,sense_looming,56.55117112195741,37.7853412282073,10.479568914217008,3.2809043023223667
235133,JO-CM,JO-CM_R,R,acetylcholine,0.8726358413696289,76,41,Traced,,1,sense_hearing,,,,
534437,JO-B1_b,JO-B1_b_L,L,acetylcholine,0.9747326970100403,84,170,Traced,,1,sense_hearing,,,,
514083,JO-ED2_b,JO-ED2_b_R,R,acetylcholine,0.8925589919090271,283,155,Traced,,1,sense_hearing,,,,
531014,LPLC2,LPLC2_L,L,acetylcholine,0.9529328346252441,356,1657,Traced,11498.0,1,sense_looming,59.35989614820801,50.145260877676606,12.031208570206449,4.232557707086981
25253,LPLC2,LPLC2_R,R,acetylcholine,0.9549329280853271,343,2323,Traced,11498.0,1,sense_looming,78.41002240346181,17.110985351977632,7.775761146272719,5.455471298811508
10406,AOTU012,AOTU012_R,R,acetylcholine,0.9502139687538147,1623,12712,Traced,10406.0,1,middle_steer,,,,
14465,LPLC2,LPLC2_R,R,acetylcholine,0.9539464712142944,327,2158,Traced,11498.0,1,sense_looming,12.480880818154397,-11.521475748834675,8.332641242742449,6.79252971795571
11795,LAL083,LAL083_L,L,glutamate,0.7349511384963989,1154,8343,Traced,10868.0,-1,middle_feedback,,,,
14200,PS018_a,PS018_a_R,R,acetylcholine,0.9531569480895996,1169,5101,Traced,14200.0,1,middle_feedback,,,,
533129,LC4,LC4_L,L,acetylcholine,0.9650506973266602,400,2687,Traced,12032.0,1,sense_looming,4.7076984237862405,7.32512125364164,7.410986779630357,7.800754837231921
123650,JO-B3,JO-B3_L,L,acetylcholine,0.9208235740661621,162,223,Traced,,1,sense_hearing,,,,
12213,SAD052,SAD052_L,L,acetylcholine,0.9534770846366882,1004,1702,Traced,11754.0,1,middle_feedback,,,,
63399,LC6,LC6_R,R,acetylcholine,0.8790565729141235,142,389,Traced,18842.0,1,sense_looming,88.70155072772609,47.2470004056143,10.451431836257884,2.8334253953586717
20334,LPLC2,LPLC2_R,R,acetylcholine,0.9550554752349854,345,2565,Traced,11498.0,1,sense_looming,51.13972421071094,-15.734975926757393,11.169910673576773,7.067977550423973
556817,SAD023,SAD023_L,L,gaba,0.8664814233779907,260,857,Traced,29859.0,-1,middle_gf,,,,
17270,LC4,LC4_L,L,acetylcholine,0.9660372138023376,335,2228,Traced,12032.0,1,sense_looming,56.589393300057665,-13.52264561011765,11.952849677096971,7.357030172992865
86507,LC10a,LC10a_R,R,acetylcholine,0.7920413613319397,85,380,Traced,10573.0,1,sense_pursuit,-9.684318615359519,19.563378742913542,7.1578221334599705,6.780597549527529
26142,LC10a,LC10a_L,L,acetylcholine,0.9498460292816162,312,966,Traced,10573.0,1,sense_pursuit,81.8188496915773,-15.220146911664393,7.3161470783672655,5.335250106587213
46221,CB1638,CB1638_R,R,acetylcholine,0.9623093605041504,234,813,Traced,,1,middle_feedback,,,,
806736,IN00A041,IN00A041_M,M,gaba,0.8479875922203064,419,1794,Traced,806192.0,-1,middle_feedback,,,,
24035,LC10a,LC10a_R,R,acetylcholine,0.9315741658210754,337,1322,Traced,10573.0,1,sense_pursuit,70.22748160423271,-28.56298141808771,6.612753141965386,3.6470373987427203
519461,LAL018,LAL018_L,L,acetylcholine,0.9654609560966492,1257,8728,Traced,519461.0,1,middle_feedback,,,,
10030,pIP1,pIP1_L,L,acetylcholine,0.9402498602867126,5744,23050,Traced,10030.0,1,middle_feedback,,,,
33177,LC10a,LC10a_R,R,acetylcholine,0.9496086835861206,232,741,Traced,10573.0,1,sense_pursuit,131.36304071058046,-9.55914543374027,8.655812383881178,4.332270681478462
98583,JO-EV3,JO-EV3_L,L,acetylcholine,0.8850942254066467,346,154,Traced,,1,sense_hearing,,,,
26380,LC10a,LC10a_L,L,acetylcholine,0.9718665480613708,339,1194,Traced,10573.0,1,sense_pursuit,69.08080817601503,-25.199783186968567,7.198524908835313,2.7901844410741723
29119,LC6,LC6_R,R,acetylcholine,0.9270452260971069,285,1160,Traced,18842.0,1,sense_looming,29.963873501822995,-1.5477590490620585,9.179003209996418,3.5159160587925986
570458,AVLP176_d,AVLP176_d_L,L,acetylcholine,0.9340108633041382,500,3209,Traced,22620.0,1,middle_feedback,,,,
520764,LPLC2,LPLC2_L,L,acetylcholine,0.9524585604667664,305,1594,Traced,11498.0,1,sense_looming,81.3169720178271,23.725847447374804,6.392420066553834,4.54048731265531
18116,AVLP158,AVLP158_L,L,acetylcholine,0.8939748406410217,900,2669,Traced,18116.0,1,middle_feedback,,,,
18020,LT52,LT52_L,L,glutamate,0.797579824924469,947,5645,Traced,11913.0,-1,middle_feedback,,,,
849226085,JO-EV1,JO-EV1_R,R,acetylcholine,0.8465884327888489,106,43,Traced,,1,sense_hearing,,,,
113085,PVLP008_c,PVLP008_c_R,R,glutamate,0.8295850157737732,311,1575,Traced,31011.0,-1,middle_feedback,,,,
45579,LC10a,LC10a_L,L,acetylcholine,0.9372233748435974,207,650,Traced,10573.0,1,sense_pursuit,15.412060855589676,40.00887775796497,7.344800322436562,4.9473768427995966
20859,LC4,LC4_L,L,acetylcholine,0.9684721827507019,465,3166,Traced,12032.0,1,sense_looming,1.5703646464250305,-8.462665842444814,9.367750347200419,9.015843832850075
111903,LPLC2,LPLC2_L,L,acetylcholine,0.9552276134490967,348,2055,Traced,11498.0,1,sense_looming,127.76820387204077,-42.0853915950035,8.320870444535599,4.125979579970753
535512,JO-FV,JO-FV_R,R,acetylcholine,0.9121984243392944,93,83,Traced,,1,sense_hearing,,,,
98638,JO-EV1,JO-EV1_L,L,acetylcholine,0.9572852253913879,278,171,Traced,,1,sense_hearing,,,,
581331,,,L,acetylcholine,0.9657886028289795,433,1677,Traced,16109.0,1,middle_feedback,,,,
525266,AOTU009,AOTU009_L,L,glutamate,0.6852368116378784,767,5536,Traced,14411.0,-1,middle_feedback,,,,
51720,LC10a,LC10a_L,L,acetylcholine,0.9136533141136169,143,549,Traced,10573.0,1,sense_pursuit,124.74680410618345,4.365250992845418,6.934650880926613,3.583100369389565
10146,AMMC-A1,AMMC-A1_R,R,acetylcholine,0.5266557335853577,236,8355,Traced,10017.0,1,middle_feedback,,,,
22328,LC4,LC4_R,R,acetylcholine,0.9516348242759705,336,2597,Traced,12032.0,1,sense_looming,80.21462466623375,8.935485567415952,11.587385954905713,5.853965913104343
14373,AOTU015,AOTU015_L,L,acetylcholine,0.938697338104248,458,2844,Traced,12627.0,1,middle_feedback,,,,
30194,SAD013,SAD013_L,L,gaba,0.8604434132575989,1971,9615,Traced,,-1,middle_gf,,,,
129687,LPLC2,LPLC2_L,L,acetylcholine,0.9649971127510071,299,1691,Traced,11498.0,1,sense_looming,84.96130278857358,-15.944421594014422,10.174120017418534,6.029114574272431
49381,LC6,LC6_R,R,acetylcholine,0.9455617070198059,166,673,Traced,18842.0,1,sense_looming,96.91138278491823,-42.10110495811601,9.525344211775742,3.5300063037221805
25167,LC10a,LC10a_R,R,acetylcholine,0.9397782683372498,333,1118,Traced,10573.0,1,sense_pursuit,8.225250744162295,-10.57748765181389,6.5724717954423015,4.389111028489353
13264,AVLP488,AVLP488_R,R,acetylcholine,0.921832263469696,1191,5010,Traced,13264.0,1,middle_feedback,,,,
37188,LoVP76,LoVP76_L,L,glutamate,0.8229024410247803,425,1316,Traced,21780.0,-1,middle_feedback,,,,
18842,LC6,LC6_L,L,acetylcholine,0.9226693511009216,261,735,Traced,18842.0,1,sense_looming,72.17245694008281,-11.398490779228439,13.603390063602035,3.399505435205583
34450,LC6,LC6_R,R,acetylcholine,0.9185365438461304,242,1326,Traced,18842.0,1,sense_looming,65.7904158934488,5.673649656903706,11.433963919291624,3.9624993796972814
25394,LC10a,LC10a_R,R,acetylcholine,0.9471078515052795,316,1354,Traced,10573.0,1,sense_pursuit,3.1341282194314104,0.6098855767214175,6.075124331033484,4.087078795498584
10325,AVLP572,AVLP572_R,R,acetylcholine,0.9328879714012146,1505,10811,Traced,10325.0,1,middle_feedback,,,,
20922,LAL027,LAL027_R,R,acetylcholine,0.932289719581604,480,4312,Traced,20922.0,1,middle_feedback,,,,
11509,AVLP339,AVLP339_L,L,acetylcholine,0.9585406184196472,1376,3670,Traced,11509.0,1,middle_feedback,,,,
31308,LC4,LC4_L,L,acetylcholine,0.9642624258995056,278,1779,Traced,12032.0,1,sense_looming,43.38858569228769,20.40118033139146,10.262610170992245,5.141311604949782
524753,PVLP124,PVLP124_L,L,acetylcholine,0.9338662624359131,404,1915,Traced,24411.0,1,middle_feedback,,,,
29014,LPLC2,LPLC2_R,R,acetylcholine,0.9551142454147339,297,2587,Traced,11498.0,1,sense_looming,22.951604524961425,18.361163992026093,5.683619588314672,5.273867729105367
11572,SAD091,SAD091_M,M,gaba,0.7800966501235962,1350,3561,Traced,,-1,middle_gf,,,,
44481,LC10d,LC10d_L,L,acetylcholine,0.9335092902183533,212,833,Traced,13593.0,1,middle_feedback,,,,
15804,LPLC2,LPLC2_L,L,acetylcholine,0.9670126438140869,377,2120,Traced,11498.0,1,sense_looming,53.33071235215314,-7.127522842683746,7.727062589565202,5.2883068324071125
25003,LC10a,LC10a_L,L,acetylcholine,0.9462600350379944,341,1379,Traced,10573.0,1,sense_pursuit,48.416749299214494,36.69513189784689,8.488082838598315,4.500426530873133
22677,LPLC2,LPLC2_R,R,acetylcholine,0.9689663648605347,337,2361,Traced,11498.0,1,sense_looming,89.21422215746,-41.660670497853424,11.823071710633199,4.628600168806425
19572,CB2316,CB2316_R,R,acetylcholine,0.9476717114448547,430,2366,Traced,19572.0,1,middle_feedback,,,,
23852,LC10a,LC10a_L,L,acetylcholine,0.9580786228179932,350,1149,Traced,10573.0,1,sense_pursuit,17.318361627065045,4.25258640290923,5.896183805544309,4.116289261621037
42624,LC6,LC6_R,R,acetylcholine,0.9093592762947083,193,567,Traced,18842.0,1,sense_looming,139.09634022811457,-4.839811164478647,10.453949651446734,3.5123558986627708
40815,LC10a,LC10a_L,L,acetylcholine,0.9404358863830566,198,557,Traced,10573.0,1,sense_pursuit,42.32379983997662,49.57322289021421,10.4513880030677,3.503778009698422
28003,LPLC2,LPLC2_R,R,acetylcholine,0.9396712779998779,277,2035,Traced,11498.0,1,sense_looming,60.072114737037225,-8.158430309107622,9.962179752055953,6.107192266037026
34838,LC10a,LC10a_R,R,acetylcholine,0.9595920443534851,192,607,Traced,10573.0,1,sense_pursuit,63.861336452741895,-48.12970983150472,5.064925368109325,3.628278425497958
25711,LC10a,LC10a_R,R,acetylcholine,0.9573763012886047,279,862,Traced,10573.0,1,sense_pursuit,84.73982443048452,-48.3964298278511,5.184504387062289,3.573052686634663
16870,CB3019,CB3019_R,R,acetylcholine,0.9224737882614136,557,4521,Traced,12156.0,1,middle_feedback,,,,
39281,LC6,LC6_R,R,acetylcholine,0.8869844675064087,210,739,Traced,18842.0,1,sense_looming,147.02685975019278,-13.237957513670281,9.449663250832128,3.7333013661170615
531898,DNp04,DNp04_L,L,acetylcholine,0.9614192843437195,2624,12604,Traced,11137.0,1,out_escape,,,,
24208,LC10a,LC10a_R,R,acetylcholine,0.9477080702781677,323,1142,Traced,10573.0,1,sense_pursuit,114.76811606521701,-19.31035047882208,8.046047799010791,3.8182668248727767
20584,LPLC2,LPLC2_R,R,acetylcholine,0.9498451948165894,312,2299,Traced,11498.0,1,sense_looming,49.53925163299084,-29.90937711741326,11.662605997277254,5.330283556157078
21342,CL323,CL323_L,L,acetylcholine,0.9676405191421509,548,2730,Traced,,1,middle_gf,,,,
529578,LC10a,LC10a_L,L,acetylcholine,0.9655374884605408,317,1148,Traced,10573.0,1,sense_pursuit,53.94019669498512,-27.944421562773726,7.663774749670171,3.168764284335746
30803,LC4,LC4_R,R,acetylcholine,0.920113205909729,391,2793,Traced,12032.0,1,sense_looming,112.1189213391721,32.54809600843372,13.779371323362751,11.275182197993582
183483,LC10a,LC10a_L,L,acetylcholine,0.9133869409561157,79,358,Traced,10573.0,1,sense_pursuit,-4.164379093650107,21.41314655244399,7.522568871386997,18.020996229623208
530085,PVLP022,PVLP022_R,R,gaba,0.8733550906181335,947,4784,Traced,11895.0,-1,middle_feedback,,,,
19951,CB3400,CB3400_R,R,acetylcholine,0.970974326133728,516,2798,Traced,,1,middle_feedback,,,,
89301,LC10a,LC10a_L,L,acetylcholine,0.929926335811615,130,464,Traced,10573.0,1,sense_pursuit,135.5107975803642,25.251130208667732,7.18743429425732,9.275302096892647
11750,LAL083,LAL083_L,L,glutamate,0.6959381103515625,1244,8423,Traced,10868.0,-1,middle_feedback,,,,
562806,JO-EV3,JO-EV3_R,R,acetylcholine,0.8444904088973999,134,83,Traced,,1,sense_hearing,,,,
100487,JO-ED2_a,JO-ED2_a_L,L,acetylcholine,0.9187652468681335,173,186,Traced,,1,sense_hearing,,,,
519975,LC6,LC6_L,L,acetylcholine,0.9459742307662964,270,916,Traced,18842.0,1,sense_looming,40.279287289753675,-0.12830407216712558,11.979984721612452,3.764755644859976
10573,LC10a,LC10a_L,L,acetylcholine,0.9514238238334656,375,1295,Traced,10573.0,1,sense_pursuit,16.823820329333522,-4.2892199779002524,6.654694721586127,3.92963726025483
31634,LC10a,LC10a_R,R,acetylcholine,0.9365008473396301,254,1144,Traced,10573.0,1,sense_pursuit,81.03791842176196,27.313649989945617,7.566559170080915,4.133538120762349
145000,JO-CL,JO-CL_L,L,acetylcholine,0.8552982211112976,138,162,Traced,,1,sense_hearing,,,,
11508,AN02A001,AN02A001_L,L,glutamate,0.792290985584259,8758,7576,Traced,10550.0,-1,middle_feedback,,,,
20280,AOTU006,AOTU006_R,R,acetylcholine,0.9571436643600464,497,5080,Traced,20280.0,1,middle_steer,,,,
21744,LC10a,LC10a_L,L,acetylcholine,0.9685053825378418,312,1078,Traced,10573.0,1,sense_pursuit,5.473601954700364,22.516237351297917,6.184591610538284,3.785889513654076
37903,LC6,LC6_L,L,acetylcholine,0.9168102145195007,201,511,Traced,18842.0,1,sense_looming,123.5013341749991,3.3243194816073043,12.38990273285316,3.906831238390478
27829,LC4,LC4_L,L,acetylcholine,0.9594264030456543,317,2208,Traced,12032.0,1,sense_looming,82.35108237749634,-21.06674454768163,11.604693236674345,6.323924208003446
10936,LT61b,LT61b_L,L,acetylcholine,0.9544681906700134,2151,13212,Traced,10936.0,1,middle_feedback,,,,
37316,LC10a,LC10a_L,L,acetylcholine,0.9469918608665466,245,810,Traced,10573.0,1,sense_pursuit,117.91177386574196,-12.044659337012448,8.353353111980072,3.07224574225736
45897,LC6,LC6_R,R,acetylcholine,0.9167320132255554,184,609,Traced,18842.0,1,sense_looming,108.36124150058586,-0.06570027767917708,13.017808136670233,3.437749311759436
22261,LPLC2,LPLC2_R,R,acetylcholine,0.8979331851005554,354,2754,Traced,11498.0,1,sense_looming,69.00748352672274,-2.9540826702117613,10.318873597307459,6.212684581019251
23719,LC10a,LC10a_R,R,acetylcholine,0.9450445175170898,327,1233,Traced,10573.0,1,sense_pursuit,34.83729950946656,-17.863672921031835,6.168386518451003,3.167941592105028
199352,DNge130,DNge130_L,L,acetylcholine,0.9409201145172119,1148,1020,Traced,199352.0,1,middle_gf,,,,
31033,LC10a,LC10a_L,L,acetylcholine,0.954171895980835,236,582,Traced,10573.0,1,sense_pursuit,133.07618107800675,-45.45284181422218,5.941921934299081,3.004577432130832
80160,LC6,LC6_L,L,acetylcholine,0.9249908924102783,195,597,Traced,18842.0,1,sense_looming,133.13492343595394,11.997745246792306,10.555970270113582,3.9520903236184433
16138,LC4,LC4_R,R,acetylcholine,0.9637571573257446,353,2336,Traced,12032.0,1,sense_looming,61.72806195973841,4.798013213286438,12.723778782897897,6.353375269471697
930621,JO-EV5,JO-EV5_L,L,acetylcholine,0.8971332907676697,175,181,Traced,,1,sense_hearing,,,,
518681,LC10a,LC10a_L,L,acetylcholine,0.9453760981559753,397,1105,Traced,10573.0,1,sense_pursuit,70.37910287998854,-31.488097886001817,7.683591116694066,3.6172334434482236
20016,LC4,LC4_R,R,acetylcholine,0.969304621219635,358,2846,Traced,12032.0,1,sense_looming,40.94364843073308,33.561037707550426,12.168781025231628,6.470940293316567
516361,AOTU025,AOTU025_L,L,acetylcholine,0.9098777770996094,973,10397,Traced,516361.0,1,middle_steer,,,,
10148,AOTU041,AOTU041_L,L,gaba,0.842947244644165,2336,19960,Traced,10031.0,-1,middle_feedback,,,,
34372,LPLC2,LPLC2_R,R,acetylcholine,0.9545148015022278,240,1466,Traced,11498.0,1,sense_looming,143.68905119234745,3.6903772471977874,9.908892383439643,7.3030774996402235
99700,,28648_L,L,acetylcholine,0.9680106043815613,577,862,Traced,28648.0,1,middle_feedback,,,,
12150,CB1542,CB1542_R,R,acetylcholine,0.9588894844055176,1103,1231,Traced,,1,middle_feedback,,,,
800999,IN07B104,IN07B104_R,R,glutamate,0.7487488389015198,1447,2665,Traced,800999.0,-1,middle_feedback,,,,
15966,WED106,WED106_R,R,gaba,0.8506135940551758,782,2087,Traced,15966.0,-1,middle_feedback,,,,
22510,LC10a,LC10a_R,R,acetylcholine,0.9443813562393188,352,1451,Traced,10573.0,1,sense_pursuit,78.4594334279081,-10.448185789683556,7.663331526187456,3.614745322915859
41097,LPLC2,LPLC2_L,L,acetylcholine,0.9435632228851318,280,1601,Traced,11498.0,1,sense_looming,98.84417460238791,30.84029913746825,7.700920146124288,3.6062801270125275
533895,LPLC2,LPLC2_L,L,acetylcholine,0.9031805992126465,380,2061,Traced,11498.0,1,sense_looming,50.27593840568808,35.6230776199986,8.810255342072129,3.8588946254339507
147029,JO-EV2,JO-EV2_L,L,acetylcholine,0.8981610536575317,152,195,Traced,,1,sense_hearing,,,,
24854,LC10a,LC10a_R,R,acetylcholine,0.956476092338562,319,1184,Traced,10573.0,1,sense_pursuit,98.73281247143113,-16.128151178825327,7.388926119880902,4.331604915107744
391272,JO-CA2,JO-CA2_L,L,acetylcholine,0.9637130498886108,88,205,Traced,,1,sense_hearing,,,,
57850,LC6,LC6_R,R,acetylcholine,0.9113110899925232,153,438,Traced,18842.0,1,sense_looming,74.19039117590931,46.16244607683342,11.041382834546122,3.1142237601634015
15018,LC4,LC4_L,L,acetylcholine,0.9668874144554138,371,2481,Traced,12032.0,1,sense_looming,122.80412553082115,28.663854704946857,10.703734619101255,9.382195996281503
534097,JO-ED2_a,JO-ED2_a_L,L,acetylcholine,0.8390974402427673,279,158,Traced,,1,sense_hearing,,,,
11950,CB0591,CB0591_L,L,acetylcholine,0.9582532048225403,1707,5026,Traced,11950.0,1,middle_feedback,,,,
18817,LAL301m,LAL301m_R,R,acetylcholine,0.9612352252006531,503,1501,Traced,18817.0,1,middle_feedback,,,,
526065,JO-mz,JO-mz_L,L,acetylcholine,0.9665092825889587,354,205,Traced,,1,sense_hearing,,,,
106702,JO-B1_a,JO-B1_a_L,L,acetylcholine,0.9140740633010864,160,233,Traced,,1,sense_hearing,,,,
54421,LC10a,LC10a_R,R,acetylcholine,0.9498718976974487,156,595,Traced,10573.0,1,sense_pursuit,99.09467028694513,46.905459912877845,7.056907133886121,2.940634333988867
12768,SAD110,SAD110_L,L,gaba,0.8729217648506165,1032,3833,Traced,11242.0,-1,middle_feedback,,,,
516980,CB0414,CB0414_L,L,gaba,0.8269847631454468,230,2317,Traced,,-1,middle_feedback,,,,
14036,AVLP488,AVLP488_R,R,acetylcholine,0.9023125767707825,1165,4412,Traced,13264.0,1,middle_feedback,,,,
517079,LPLC2,LPLC2_L,L,acetylcholine,0.9537772536277771,324,1758,Traced,11498.0,1,sense_looming,79.76053339544461,33.946293765209404,9.238121146653901,4.744732198681532
95994,JO-EV3,JO-EV3_R,R,acetylcholine,0.8231050968170166,339,185,Traced,,1,sense_hearing,,,,
79515,JO-mz,JO-mz_L,L,acetylcholine,0.9543665051460266,428,162,Traced,,1,sense_hearing,,,,
30207,LPLC2,LPLC2_R,R,acetylcholine,0.9571747779846191,276,1469,Traced,11498.0,1,sense_looming,139.60962091447067,-24.944353792381385,8.857958753537737,4.426186335943817
34666,LC6,LC6_R,R,acetylcholine,0.9645050764083862,190,773,Traced,18842.0,1,sense_looming,53.82028213444663,-37.56783789413976,9.411969187172769,3.93639600051114
516362,AOTU015,AOTU015_L,L,acetylcholine,0.9634906649589539,517,2148,Traced,12627.0,1,middle_feedback,,,,
25806,LC10d,LC10d_R,R,acetylcholine,0.9478011727333069,288,1249,Traced,13593.0,1,middle_feedback,,,,
18090,CB4180,CB4180_R,R,gaba,0.822354257106781,232,2419,Traced,,-1,middle_feedback,,,,
11646,SAD112_c,SAD112_c_L,L,gaba,0.8756301403045654,1683,6360,Traced,10788.0,-1,middle_feedback,,,,
44666,LC10a,LC10a_R,R,acetylcholine,0.9340827465057373,191,687,Traced,10573.0,1,sense_pursuit,26.472415278686192,43.42779274903394,8.143017515520112,5.615185969770034
276829,JO-EV1,JO-EV1_L,L,acetylcholine,0.9132437109947205,205,117,Traced,,1,sense_hearing,,,,
518730,LC4,LC4_L,L,acetylcholine,0.9597557187080383,324,2015,Traced,12032.0,1,sense_looming,104.43847788359066,-31.22643502036342,12.035552996560135,6.303299597932201
25286,LPLC2,LPLC2_L,L,acetylcholine,0.9718148708343506,333,1723,Traced,11498.0,1,sense_looming,150.6378385188638,-37.820696527855944,9.161792342713364,5.415107191695254
13764,LPLC2,LPLC2_L,L,acetylcholine,0.9597159028053284,323,2077,Traced,11498.0,1,sense_looming,87.87106412574954,-26.989785880072,10.56874699011452,5.841753212367624
141560,JO-B3,JO-B3_L,L,acetylcholine,0.9581394791603088,117,115,Traced,,1,sense_hearing,,,,
520659,JO-CM,JO-CM_L,L,acetylcholine,0.9204479455947876,268,110,Traced,,1,sense_hearing,,,,
11370,AOTU063_b,AOTU063_b_L,L,glutamate,0.6936590671539307,1202,9058,Traced,11370.0,-1,middle_feedback,,,,
68763,LC6,LC6_L,L,acetylcholine,0.9327635765075684,185,544,Traced,18842.0,1,sense_looming,51.83248252279351,-42.23139904224938,10.168207872610239,3.1330627199838754
133366,LC6,LC6_L,L,acetylcholine,0.9100148677825928,225,666,Traced,18842.0,1,sense_looming,146.99951606675964,-4.417428253312565,10.692769221588163,5.201925502602145
18940,AN05B006,AN05B006_L,L,gaba,0.8812003135681152,3500,10730,Traced,18940.0,-1,middle_feedback,,,,
15831,AVLP605,AVLP605_M,M,gaba,0.8077964186668396,567,3559,Traced,,-1,middle_feedback,,,,
35616,LC4,LC4_L,L,acetylcholine,0.9714165329933167,293,1792,Traced,12032.0,1,sense_looming,44.205393068038575,1.4862685270412328,11.602400535097912,6.977242961977552
835154280,JO-DA,JO-DA_L,L,acetylcholine,0.7877073287963867,83,41,Traced,,1,sense_hearing,,,,
60028,LC10a,LC10a_L,L,acetylcholine,0.938751757144928,162,520,Traced,10573.0,1,sense_pursuit,7.016334495590154,-26.449064138795613,5.810951482668335,5.341810685409638
36152,LC10a,LC10a_L,L,acetylcholine,0.9096973538398743,164,571,Traced,10573.0,1,sense_pursuit,107.38350461392776,46.23286484121674,10.061613007944107,3.9274432421439562
512631,JO-EV3,JO-EV3_R,R,acetylcholine,0.8288723826408386,279,183,Traced,,1,sense_hearing,,,,
23930,LC10a,LC10a_L,L,acetylcholine,0.9608004689216614,348,858,Traced,10573.0,1,sense_pursuit,76.65435561988589,-42.918361742199195,6.66108686789665,2.942293009268771
480555286,JO-EV1,JO-EV1_R,R,acetylcholine,0.6223399043083191,146,85,Traced,,1,sense_hearing,,,,
19229,LPLC2,LPLC2_R,R,acetylcholine,0.9502190947532654,396,2836,Traced,11498.0,1,sense_looming,22.614263206850175,-1.2957115314578758,7.477713476365186,6.9671376027773135
519650,LC4,LC4_L,L,acetylcholine,0.9747326970100403,298,2169,Traced,12032.0,1,sense_looming,38.81363713327019,12.329101166578596,10.594400564368463,6.936449437691588
13069,WED187,WED187_R,M,gaba,0.8569584488868713,1002,3030,Traced,12852.0,-1,middle_feedback,,,,
74384,JO-EV1,JO-EV1_L,L,acetylcholine,0.9415320754051208,263,272,Traced,,1,sense_hearing,,,,
77273,JO-EV3,JO-EV3_L,L,acetylcholine,0.9358682036399841,324,228,Traced,,1,sense_hearing,,,,
521675,AN05B006,AN05B006_R,R,gaba,0.8474829792976379,3243,10431,Traced,18940.0,-1,middle_feedback,,,,
18825,LAL029_c,LAL029_c_R,R,acetylcholine,0.9701909422874451,427,2304,Traced,18825.0,1,middle_feedback,,,,
22557,LPLC2,LPLC2_L,L,acetylcholine,0.9423776268959045,390,1858,Traced,11498.0,1,sense_looming,31.168080429906844,37.001257865590716,7.597027636679997,4.093287799209602
47933,LC6,LC6_R,R,acetylcholine,0.9493181109428406,191,666,Traced,18842.0,1,sense_looming,124.31544956744398,-27.319354950291192,12.437147015943214,3.946173119321441
77370,JO-EV2,JO-EV2_L,L,acetylcholine,0.9563541412353516,264,317,Traced,,1,sense_hearing,,,,
111277,JO-B3,JO-B3_L,L,acetylcholine,0.9549294114112854,147,211,Traced,,1,sense_hearing,,,,
38020,LC10a,LC10a_L,L,acetylcholine,0.9496080875396729,232,720,Traced,10573.0,1,sense_pursuit,70.31720187252148,47.85513891753838,7.815413770276508,3.704750346182526
11219,LT82a,LT82a_L,L,acetylcholine,0.9621216058731079,1771,5726,Traced,11219.0,1,middle_feedback,,,,
11233,DNa11,DNa11(VES008)_R,R,acetylcholine,0.9639486074447632,2611,12903,Traced,10971.0,1,middle_feedback,,,,
126498,JO-A1,JO-A1_R,R,acetylcholine,0.8706633448600769,28,9,Traced,,1,sense_hearing,,,,
512530,AN17B002,AN17B002_R,R,gaba,0.8497626781463623,2993,2810,Traced,46376.0,-1,middle_feedback,,,,
10203,PS100,PS100_L,L,gaba,0.8628146648406982,2087,14255,Traced,,-1,middle_feedback,,,,
11361,CL367,CL367(hb1506382974)_R,R,gaba,0.8274521827697754,2396,4719,Traced,11361.0,-1,middle_feedback,,,,
20652,GNG124,GNG124_L,L,gaba,0.8720604777336121,1612,4012,Traced,11164.0,-1,middle_feedback,,,,
21318,LPLC2,LPLC2_R,R,acetylcholine,0.9505723118782043,281,2096,Traced,11498.0,1,sense_looming,66.81249863195413,-36.656204897832225,11.260368282049088,5.100737228341104
16128,LC4,LC4_R,R,acetylcholine,0.9510266184806824,532,4122,Traced,12032.0,1,sense_looming,13.85321576492382,-21.90889551696094,13.141424848818827,11.099532296434573
17880,LPLC2,LPLC2_L,L,acetylcholine,0.9645065665245056,285,1516,Traced,11498.0,1,sense_looming,59.72161718836922,-24.25909323737134,7.105942574835147,5.458737228858481
31250,LC10a,LC10a_R,R,acetylcholine,0.9295728802680969,215,861,Traced,10573.0,1,sense_pursuit,118.69591633313001,-10.108705848574488,9.231123412258171,4.094219117186098
37009,LC6,LC6_L,L,acetylcholine,0.9392265677452087,246,936,Traced,18842.0,1,sense_looming,51.32357608172846,-15.346027798978064,12.776949411229797,3.3522665166091232
16603,CB4176,CB4176_L,L,gaba,0.880426824092865,787,1694,Traced,,-1,middle_feedback,,,,
12857,AVLP721m,AVLP721m_R,R,acetylcholine,0.9655543565750122,1479,4612,Traced,12857.0,1,middle_feedback,,,,
10091,DNpe042,DNpe042(CL262)_L,L,acetylcholine,0.9563035368919373,2476,15908,Traced,10091.0,1,middle_gf,,,,
514646,LC10a,LC10a_L,L,acetylcholine,0.9686341881752014,318,1263,Traced,10573.0,1,sense_pursuit,24.58306010329175,-13.40284791318878,5.191466705237223,4.064979212710359
10432,LoVCLo3,LoVCLo3_L,L,octopamine,0.8684641122817993,8837,14043,Traced,10100.0,0,middle_feedback,,,,
10136,PS304,PS304_L,L,gaba,0.8388333320617676,2063,7990,Traced,10136.0,-1,middle_feedback,,,,
21862,LPLC2,LPLC2_R,R,acetylcholine,0.9458691477775574,370,2799,Traced,11498.0,1,sense_looming,61.28909127112783,35.66107589130972,8.202727431098454,4.549254403712276
146314,JO-FV,JO-FV_L,L,acetylcholine,0.9614158272743225,218,121,Traced,,1,sense_hearing,,,,
536218,JO-EV1,JO-EV1_R,R,acetylcholine,0.7273678779602051,208,137,Traced,,1,sense_hearing,,,,
89545,LAL301m,LAL301m_L,L,acetylcholine,0.9531410336494446,495,1647,Traced,18817.0,1,middle_steer,,,,
511752,CB0307,CB0307_L,L,gaba,0.8047811388969421,803,4439,Traced,511752.0,-1,middle_gf,,,,
248488,JO-B2,JO-B2_R,R,acetylcholine,0.9516069293022156,42,96,Traced,,1,sense_hearing,,,,
19532,WED206,WED206_L,L,gaba,0.836347222328186,524,849,Traced,17449.0,-1,middle_feedback,,,,
75373,JO-CL,JO-CL_L,L,acetylcholine,0.9100791811943054,135,170,Traced,,1,sense_hearing,,,,
18900,LPLC2,LPLC2_L,L,acetylcholine,0.9504534006118774,360,2024,Traced,11498.0,1,sense_looming,22.754933032024383,-9.926817676996627,8.97436499135372,5.652933304056339
21287,LC4,LC4_R,R,acetylcholine,0.9695368409156799,374,2428,Traced,12032.0,1,sense_looming,58.87192064001074,43.4488533999166,11.39260616981212,5.637350298371851
31988,LPLC2,LPLC2_R,R,acetylcholine,0.9489390254020691,263,1814,Traced,11498.0,1,sense_looming,94.13528675762794,23.13476124813738,8.444186900389784,6.05654317248173
930160,JO-CL,JO-CL_L,L,acetylcholine,0.8237871527671814,90,53,Traced,,1,sense_hearing,,,,
523644,SAD072,SAD072_L,L,gaba,0.8695123791694641,1474,2335,Traced,11988.0,-1,middle_feedback,,,,
17908,WED125,WED125_R,R,acetylcholine,0.9653077125549316,515,2079,Traced,17908.0,1,middle_feedback,,,,
20885,AVLP093,AVLP093_L,L,gaba,0.7613936066627502,596,1230,Traced,20885.0,-1,middle_feedback,,,,
14980,LC10a,LC10a_L,L,acetylcholine,0.9575728178024292,226,469,Traced,10573.0,1,sense_pursuit,98.71645751357,-53.19995701852436,9.86111960078875,3.439484463242112
18078,LC10a,LC10a_L,L,acetylcholine,0.97154700756073,305,897,Traced,10573.0,1,sense_pursuit,35.83732088488689,-34.967126252452,5.162228581179674,3.0359534630092004
98485,JO-ED2_b,JO-ED2_b_L,L,acetylcholine,0.9353064298629761,295,149,Traced,,1,sense_hearing,,,,
14112,AVLP370_a,AVLP370_a_R,R,acetylcholine,0.9439811706542969,1293,4296,Traced,13036.0,1,middle_feedback,,,,
519307,JO-EV2,JO-EV2_R,R,acetylcholine,0.7514527440071106,252,167,Traced,,1,sense_hearing,,,,
16475,PVLP024,PVLP024_L,L,gaba,0.8617317080497742,582,4172,Traced,16459.0,-1,middle_feedback,,,,
56087,JO-B1_c,JO-B1_c_L,L,acetylcholine,0.933820366859436,166,244,Traced,,1,sense_hearing,,,,
515380,JO-mz,JO-mz_L,L,acetylcholine,0.9517537951469421,211,157,Traced,,1,sense_hearing,,,,
76185,LC10a,LC10a_L,L,acetylcholine,0.9667026996612549,121,262,Traced,10573.0,1,sense_pursuit,53.46951194237923,-51.03353790400827,6.973478608971667,2.974268513797289
176004,JO-EV3,JO-EV3_L,L,acetylcholine,0.8300299644470215,389,210,Traced,,1,sense_hearing,,,,
16657,CB4176,CB4176_R,R,gaba,0.8757352828979492,728,1219,Traced,,-1,middle_feedback,,,,
16628,LC4,LC4_R,R,acetylcholine,0.9614201784133911,510,3846,Traced,12032.0,1,sense_looming,-1.2213433089013943,0.0742295699520028,8.293075898833703,11.275718318545222
13794,PVLP021,PVLP021_R,R,gaba,0.8631519079208374,1014,3683,Traced,13794.0,-1,middle_feedback,,,,
83741,JO-CL,JO-CL_L,L,acetylcholine,0.9432299733161926,123,134,Traced,,1,sense_hearing,,,,
31976,LC10a,LC10a_R,R,acetylcholine,0.9523281455039978,303,928,Traced,10573.0,1,sense_pursuit,39.91816795868598,41.10153989174205,7.608911308418692,4.168005583367377
11137,DNp04,DNp04_R,R,acetylcholine,0.966145396232605,2486,9326,Traced,11137.0,1,out_escape,,,,
519539,CB0956,CB0956_L,L,acetylcholine,0.9571830034255981,553,1438,Traced,17357.0,1,middle_feedback,,,,
11610,DNae007,DNae007(VES009)_R,R,acetylcholine,0.9438264966011047,2073,10366,Traced,11610.0,1,middle_feedback,,,,
513114,AN01A055,AN01A055_R,R,acetylcholine,0.961407482624054,2404,5446,Traced,12143.0,1,middle_feedback,,,,
14511,CB3588,CB3588_L,L,acetylcholine,0.9491288661956787,720,2011,Traced,14087.0,1,middle_feedback,,,,
65100,JO-CL,JO-CL_L,L,acetylcholine,0.9673718810081482,132,139,Traced,,1,sense_hearing,,,,
12349,LC4,LC4_L,L,acetylcholine,0.9604427218437195,475,2802,Traced,12032.0,1,sense_looming,130.49820828537258,-48.88746430911746,12.825238189330676,5.743531552211165
36795,LC6,LC6_R,R,acetylcholine,0.9181222915649414,240,772,Traced,18842.0,1,sense_looming,85.24512325570183,9.593665600730134,11.194575893188558,4.504411170088068
10493,CB4176,CB4176_R,R,gaba,0.8710652589797974,759,1312,Traced,,-1,middle_feedback,,,,
19608,LPLC2,LPLC2_R,R,acetylcholine,0.9610247611999512,425,2951,Traced,11498.0,1,sense_looming,16.43379036512673,27.90392330230881,7.202506327462921,4.844291330150687
23463,LC10a,LC10a_R,R,acetylcholine,0.9369962215423584,386,1778,Traced,10573.0,1,sense_pursuit,29.251114643764616,10.917271451662117,8.413717096670078,4.34171238195272
218513,JO-FV,JO-FV_R,R,acetylcholine,0.9527803063392639,177,116,Traced,,1,sense_hearing,,,,
32507,LPLC2,LPLC2_R,R,acetylcholine,0.944808840751648,227,1462,Traced,11498.0,1,sense_looming,107.42895563333033,-10.81030281982688,10.705044905178584,5.432895770706513
21225,LC4,LC4_R,R,acetylcholine,0.9592534899711609,376,2843,Traced,12032.0,1,sense_looming,46.63250232264109,-20.572610808104415,10.931207867791965,7.171698607325712
32767,LC10a,LC10a_L,L,acetylcholine,0.9301609992980957,196,735,Traced,10573.0,1,sense_pursuit,-9.35558136867941,-4.888688426715838,6.527885775547073,7.727973988301282
21199,LC10a,LC10a_R,R,acetylcholine,0.9503713846206665,398,1649,Traced,10573.0,1,sense_pursuit,27.020937815264226,-9.820978341286484,8.54590539050342,4.279653283883439
31105,LPLC2,LPLC2_L,L,acetylcholine,0.970525324344635,230,1162,Traced,11498.0,1,sense_looming,130.29611990974783,21.932425526229352,8.865596149390322,5.586195624872614
12530,CB1542,CB1542_L,L,acetylcholine,0.9644222855567932,1035,1807,Traced,,1,middle_feedback,,,,
24264,LoVP76,LoVP76_L,L,glutamate,0.8324710726737976,439,1355,Traced,21780.0,-1,middle_feedback,,,,
15718,WED072,WED072_L,L,acetylcholine,0.9640293121337891,726,3032,Traced,15225.0,1,middle_feedback,,,,
21151,LC4,LC4_R,R,acetylcholine,0.966166079044342,340,2509,Traced,12032.0,1,sense_looming,21.31543923249947,35.6572062057561,9.945251640589305,6.145509856964861
125938,CL268,CL268_L,L,acetylcholine,0.9543776512145996,429,1955,Traced,23399.0,1,middle_feedback,,,,
21562,LPLC2,LPLC2_R,R,acetylcholine,0.95698481798172,383,2557,Traced,11498.0,1,sense_looming,53.894383083903904,24.59378076556392,7.413967363515516,4.248396889445071
17375,SAD064,SAD064_L,L,acetylcholine,0.9314365386962891,493,1812,Traced,17375.0,1,middle_gf,,,,
529073,JO-EV3,JO-EV3_L,L,acetylcholine,0.8719193339347839,311,192,Traced,,1,sense_hearing,,,,
521115,LPLC2,LPLC2_L,L,acetylcholine,0.9514549970626831,292,1413,Traced,11498.0,1,sense_looming,68.04256939651825,20.261242842232633,6.394862356375609,4.854039294385362
10709,WED193,WED193_R,R,acetylcholine,0.9617080092430115,1936,5884,Traced,10709.0,1,middle_feedback,,,,
521298,DNge130,DNge130_R,R,acetylcholine,0.9562117457389832,1047,1038,Traced,199352.0,1,middle_feedback,,,,
28862,LC6,LC6_R,R,acetylcholine,0.9348345994949341,292,875,Traced,18842.0,1,sense_looming,35.74094819554211,-15.111416470292419,10.10019325434827,4.64653995764131
21721,LC4,LC4_L,L,acetylcholine,0.9635012745857239,345,2344,Traced,12032.0,1,sense_looming,48.063652687287295,45.95381229587667,11.01381107936313,4.9134815132983976
36184,LC6,LC6_L,L,acetylcholine,0.9341139793395996,239,980,Traced,18842.0,1,sense_looming,46.28331665146301,17.700174776724694,9.090397766445346,3.9901896887160895
126095791,JO-FV,JO-FV_R,R,acetylcholine,0.9483498930931091,147,129,Traced,,1,sense_hearing,,,,
514252,AVLP488,AVLP488_L,L,acetylcholine,0.9100018739700317,1093,3606,Traced,13264.0,1,middle_feedback,,,,
12232,GNG515,GNG515_R,R,gaba,0.8500955104827881,947,3175,Traced,12232.0,-1,middle_feedback,,,,
332877,JO-CL,JO-CL_R,R,acetylcholine,0.7959305047988892,76,59,Traced,,1,sense_hearing,,,,
36925,CB0591,CB0591_L,L,acetylcholine,0.7225744128227234,1589,1752,Traced,14926.0,1,middle_feedback,,,,
14606,AVLP607,AVLP607_M,M,gaba,0.796363890171051,571,3226,Traced,,-1,middle_feedback,,,,
517426,PVLP026,PVLP026_L,L,gaba,0.815913200378418,431,4502,Traced,,-1,middle_gf,,,,
48608,LC6,LC6_L,L,acetylcholine,0.9164850115776062,250,907,Traced,18842.0,1,sense_looming,20.55733254246615,33.724555308796496,9.614774790009484,5.141469020893463
69404,LC6,LC6_R,R,acetylcholine,0.949205219745636,152,555,Traced,18842.0,1,sense_looming,82.36536143760263,-44.1498101762907,9.759884034272325,4.099206272645574
19249,LPLC2,LPLC2_R,R,acetylcholine,0.9565573930740356,320,2515,Traced,11498.0,1,sense_looming,80.27322480042282,-48.85607355983574,15.603438257713348,3.727477168821242
532839,CL140,CL140_L,L,gaba,0.8677979111671448,1254,6031,Traced,12419.0,-1,middle_feedback,,,,
44299,LC10a,LC10a_R,R,acetylcholine,0.9083872437477112,161,551,Traced,10573.0,1,sense_pursuit,35.28253477175538,-42.04115920401042,5.456970363166117,2.554017158956786
727132040,JO-B4_b,JO-B4_b_L,L,acetylcholine,0.9348424077033997,73,63,Traced,,1,sense_hearing,,,,
17357,CB0956,CB0956_L,L,acetylcholine,0.9568427205085754,542,1472,Traced,17357.0,1,middle_feedback,,,,
55627,LPLC2,LPLC2_R,R,acetylcholine,0.9309102296829224,221,1264,Traced,11498.0,1,sense_looming,129.31777456615404,14.40595748901049,9.315803874497382,5.939293911782523
11108,CL286,CL286_R,R,acetylcholine,0.9648603796958923,2358,6634,Traced,,1,middle_feedback,,,,
27211,LC6,LC6_R,R,acetylcholine,0.9504789710044861,320,1209,Traced,18842.0,1,sense_looming,55.58455561282133,-16.494918289096454,10.670526483160668,4.102207495955839
15340,LC10a,LC10a_L,L,acetylcholine,0.9410342574119568,288,578,Traced,10573.0,1,sense_pursuit,111.44477987607604,-52.26832080206452,8.76647871292714,2.8975338127585135
17987,LC4,LC4_R,R,acetylcholine,0.9564677476882935,425,3264,Traced,12032.0,1,sense_looming,98.002820540207,-53.5824612291833,18.877763824361626,3.6787320241753383
519413,PLP029,PLP029_L,L,glutamate,0.7338977456092834,977,6986,Traced,12110.0,-1,middle_feedback,,,,
327202,JO-EV2,JO-EV2_R,R,acetylcholine,0.905366063117981,28,11,Traced,,1,sense_hearing,,,,
47357,LC6,LC6_L,L,acetylcholine,0.9460391402244568,203,509,Traced,18842.0,1,sense_looming,117.7529023113263,-25.015561732840204,13.820363308209147,2.553917949963493
517936,CB1702,CB1702_L,L,acetylcholine,0.946993887424469,525,1654,Traced,15942.0,1,middle_feedback,,,,
19856,,,L,acetylcholine,0.9747326970100403,322,1667,Traced,16109.0,1,middle_feedback,,,,
37503,LC6,LC6_R,R,acetylcholine,0.9329512715339661,209,703,Traced,18842.0,1,sense_looming,113.50866002081162,-20.876411394767267,11.977383202646594,4.598816646361639
19692,WED117,WED117_L,L,acetylcholine,0.9625276923179626,476,1422,Traced,13261.0,1,middle_feedback,,,,
11440,PLP060,PLP060_R,R,gaba,0.8780276775360107,2687,7664,Traced,11440.0,-1,middle_feedback,,,,
75415,LC6,LC6_L,L,acetylcholine,0.8963997960090637,186,685,Traced,18842.0,1,sense_looming,58.84688307756254,-41.36087426618978,11.734806915490774,3.038560642729354
534464626,JO-FV,JO-FV_R,R,acetylcholine,0.8865152597427368,121,90,Traced,,1,sense_hearing,,,,
144957,LC10a,LC10a_L,L,acetylcholine,0.9253135919570923,157,284,Traced,10573.0,1,sense_pursuit,71.08515956199778,-54.55004487350314,7.07714543343497,1.6836843889090192
18026,AOTU016_a,AOTU016_a_R,R,acetylcholine,0.9140287041664124,496,3510,Traced,18026.0,1,middle_steer,,,,
30134,LC6,LC6_R,R,acetylcholine,0.923833429813385,267,1573,Traced,18842.0,1,sense_looming,46.91768373523505,4.895517051833295,10.995558984872293,4.206432404699027
12424,LC10a,LC10a_L,L,acetylcholine,0.9612126350402832,359,1232,Traced,10573.0,1,sense_pursuit,65.75541623901496,5.435823449360072,7.666472413327075,3.6261334714899416
13534,LC33,LC33_L,L,glutamate,0.8137995600700378,979,3015,Traced,12712.0,-1,middle_feedback,,,,
25575,LPLC2,LPLC2_L,L,acetylcholine,0.9478828310966492,253,1476,Traced,11498.0,1,sense_looming,43.08235037699326,-9.030902081536112,8.291784767054258,6.4727454175283645
520903,AOTU002_b,AOTU002_b_L,L,acetylcholine,0.9600281119346619,462,2073,Traced,27730.0,1,middle_feedback,,,,
30710,LC6,LC6_R,R,acetylcholine,0.9414226412773132,233,747,Traced,18842.0,1,sense_looming,89.6698951852361,-16.557266214770813,11.891225687914593,5.291278322231317
23729,LC10d,LC10d_R,R,acetylcholine,0.9512198567390442,330,1698,Traced,13593.0,1,middle_feedback,,,,
20112,LC10a,LC10a_L,L,acetylcholine,0.954069197177887,329,1032,Traced,10573.0,1,sense_pursuit,82.27067428235702,4.194802192172801,8.975981998681473,4.329560154140631
43668,LC6,LC6_R,R,acetylcholine,0.9132088422775269,189,575,Traced,18842.0,1,sense_looming,107.08830048118082,-34.26306296757299,12.453156096566346,3.1763390483415375
10074,PVLP010,PVLP010_L,L,glutamate,0.6151948571205139,3386,19542,Traced,10074.0,-1,middle_gf,,,,
556073,JO-FV,JO-FV_R,R,acetylcholine,0.8777533769607544,210,262,Traced,,1,sense_hearing,,,,
520300,DNg75,DNg75(hb1874217622)_R,R,acetylcholine,0.9580347537994385,3255,18305,Traced,10192.0,1,middle_feedback,,,,
11371,PS013,PS013_R,R,acetylcholine,0.958523154258728,1496,7985,Traced,11306.0,1,middle_feedback,,,,
51397,LC10a,LC10a_R,R,acetylcholine,0.940035343170166,140,472,Traced,10573.0,1,sense_pursuit,138.52298623476338,-6.211206620141141,10.577114915649672,4.095306115260846
35598,LC6,LC6_R,R,acetylcholine,0.9330670833587646,233,1133,Traced,18842.0,1,sense_looming,65.2867710471392,17.73017160946557,9.520655474280565,4.172896982431085
100368,LC10a,LC10a_R,R,acetylcholine,0.8532874584197998,64,275,Traced,10573.0,1,sense_pursuit,-3.1421199091379233,23.948311682539995,9.980834780908944,15.27909854957928
52174,LC6,LC6_L,L,acetylcholine,0.9611485600471497,214,622,Traced,18842.0,1,sense_looming,7.606436538553481,-9.299514018345583,9.184194854108418,3.919135644637564
22772,LC4,LC4_L,L,acetylcholine,0.9691006541252136,344,2284,Traced,12032.0,1,sense_looming,23.588012453950093,29.93395444017945,9.23780195885624,7.1698279730932715
304167,JO-FV,JO-FV_R,R,acetylcholine,0.9610790014266968,142,117,Traced,,1,sense_hearing,,,,
807265,IN00A062,IN00A062_M,M,gaba,0.806515634059906,407,1393,Traced,,-1,middle_feedback,,,,
69870,LC10a,LC10a_L,L,acetylcholine,0.9250912666320801,137,538,Traced,10573.0,1,sense_pursuit,122.95449514278218,15.120175609504471,7.455447255775878,4.19589092036805
17767,AVLP132,AVLP132_R,R,acetylcholine,0.9335136413574219,706,1618,Traced,17767.0,1,middle_feedback,,,,
97354,JO-CA2,JO-CA2_L,L,acetylcholine,0.9609776735305786,141,261,Traced,,1,sense_hearing,,,,
14049,PLP300m,PLP300m_R,R,acetylcholine,0.9550774693489075,593,2703,Traced,11810.0,1,middle_feedback,,,,
14926,CB0591,CB0591_R,R,acetylcholine,0.8960204124450684,1537,2160,Traced,14926.0,1,middle_feedback,,,,
31943,LC6,LC6_L,L,acetylcholine,0.9363616108894348,253,668,Traced,18842.0,1,sense_looming,95.44982055369175,-42.538495430673436,14.214474554915755,2.8793200397833165
524138,SAD111,SAD111_L,L,gaba,0.8685159087181091,1487,5064,Traced,10876.0,-1,middle_gf,,,,
818095421,JO-DA,JO-DA_L,L,acetylcholine,0.892949640750885,83,117,Traced,,1,sense_hearing,,,,
525191,LT52,LT52_L,L,glutamate,0.6602025032043457,1060,5055,Traced,11913.0,-1,middle_feedback,,,,
27273,AOTU059,AOTU059_R,R,gaba,0.7426244616508484,388,1483,Traced,14368.0,-1,middle_feedback,,,,
33439,LPLC2,LPLC2_R,R,acetylcholine,0.9357864260673523,224,1910,Traced,11498.0,1,sense_looming,111.24153762672063,13.841117304534222,9.714272127046076,6.177355186470463
17815,CB4118,CB4118_R,R,gaba,0.8638566732406616,398,2570,Traced,17815.0,-1,middle_feedback,,,,
21336,LC4,LC4_R,R,acetylcholine,0.9605973958969116,343,2463,Traced,12032.0,1,sense_looming,76.2805049157005,-10.711851331518531,13.149502034745467,6.09862158817566
12032,LC4,LC4_L,L,acetylcholine,0.9590470194816589,433,2788,Traced,12032.0,1,sense_looming,42.152946732620954,51.22020817324112,16.326855593199966,4.937221423589972
24401,LPLC2,LPLC2_R,R,acetylcholine,0.95870041847229,303,2162,Traced,11498.0,1,sense_looming,41.2618655255791,14.603672523412143,6.743809726384041,4.810893446544751
38810,LC10a,LC10a_R,R,acetylcholine,0.9327149391174316,208,739,Traced,10573.0,1,sense_pursuit,39.32670218665832,47.1755873825511,9.69867092263226,4.491351733979385
494022,JO-EV2,JO-EV2_R,R,acetylcholine,0.6549457311630249,170,98,Traced,,1,sense_hearing,,,,
243520,JO-ED2_b,JO-ED2_b_L,L,acetylcholine,0.8765864968299866,168,116,Traced,,1,sense_hearing,,,,
527684,LC10a,LC10a_L,L,acetylcholine,0.9474537968635559,356,1240,Traced,10573.0,1,sense_pursuit,30.25002808851358,29.82321444167667,6.461055436713022,4.711290930687371
30436,LC6,LC6_L,L,acetylcholine,0.9304683804512024,263,733,Traced,18842.0,1,sense_looming,23.87108024205368,9.569391804633966,11.5432221878747,3.393911152503634
531583,WED104,WED104_R,R,gaba,0.770444929599762,2576,8322,Traced,520792.0,-1,middle_feedback,,,,
932780,JO-B1_a,JO-B1_a_R,R,acetylcholine,0.6625885367393494,84,112,Traced,,1,sense_hearing,,,,
10923,DNg40,DNg40(hb5813056435)_R,R,glutamate,0.6188473701477051,1463,10614,Traced,10361.0,-1,middle_feedback,,,,
24410,CB1852,CB1852_L,L,acetylcholine,0.9708558320999146,1002,3257,Traced,,1,middle_feedback,,,,
18189,LC4,LC4_R,R,acetylcholine,0.960823118686676,418,3074,Traced,12032.0,1,sense_looming,73.60269616359612,-33.54931238440952,14.46760807907691,5.518898615853897
18089,AMMC035,AMMC035_L,L,gaba,0.8046604990959167,277,691,Traced,16073.0,-1,middle_feedback,,,,
912272687,JO-EV2,JO-EV2_L,L,acetylcholine,0.6859136819839478,121,72,Traced,,1,sense_hearing,,,,
146290481,JO-CA1,JO-CA1_L,L,acetylcholine,0.8752390146255493,117,153,Traced,,1,sense_hearing,,,,
522352,GNG636,GNG636_L,L,gaba,0.8364803791046143,1027,3476,Traced,10462.0,-1,middle_feedback,,,,
37103,LC6,LC6_R,R,acetylcholine,0.9123544692993164,218,854,Traced,18842.0,1,sense_looming,26.31936369345319,36.965854492306946,10.099485738114465,4.277296361433627
52430,LC10a,LC10a_L,L,acetylcholine,0.9188119173049927,139,418,Traced,10573.0,1,sense_pursuit,158.42801544980028,-25.79188500290649,9.178154815681177,3.765856284650076
79237,JO-EV1,JO-EV1_L,L,acetylcholine,0.9629950523376465,248,227,Traced,,1,sense_hearing,,,,
536318,LC10a,LC10a_L,L,acetylcholine,0.9490699768066406,189,680,Traced,10573.0,1,sense_pursuit,109.62481132330481,13.644584256764915,6.129118333280073,4.427895825729048
593749891,JO-EV3,JO-EV3_R,R,acetylcholine,0.5918402671813965,71,35,Traced,,1,sense_hearing,,,,
562509,JO-ED2_b,JO-ED2_b_R,R,acetylcholine,0.8805897831916809,309,172,Traced,,1,sense_hearing,,,,
20378,LC10a,LC10a_L,L,acetylcholine,0.9646592140197754,385,1196,Traced,10573.0,1,sense_pursuit,35.08655490310068,-11.659292786066203,8.313416172125972,3.2551711810582082
11066,DNa13,DNa13(LAL041)_R,R,acetylcholine,0.9557150602340698,2194,12748,Traced,11066.0,1,middle_feedback,,,,
49807,LC10a,LC10a_L,L,acetylcholine,0.9327696561813354,185,585,Traced,10573.0,1,sense_pursuit,87.40026011456479,48.72864037106322,8.108932344241104,3.005985609679108
11405,LAL016,LAL016_R,R,acetylcholine,0.9627487063407898,1458,4028,Traced,11405.0,1,middle_feedback,,,,
168652,JO-B2,JO-B2_L,L,acetylcholine,0.9602300524711609,134,143,Traced,,1,sense_hearing,,,,
808023,IN05B032,IN05B032_R,R,gaba,0.8438073992729187,211,1918,Traced,808023.0,-1,middle_feedback,,,,
12129,SAD053,SAD053_R,R,acetylcholine,0.9634307026863098,1116,3696,Traced,12129.0,1,middle_feedback,,,,
24071,LC10a,LC10a_R,R,acetylcholine,0.9577280879020691,285,1047,Traced,10573.0,1,sense_pursuit,101.00620573226202,-45.90152044105851,6.281412773172163,3.6482820932309856
30707,LC10a,LC10a_L,L,acetylcholine,0.9495713710784912,347,1231,Traced,10573.0,1,sense_pursuit,13.484454071389472,15.904032098202492,5.091393302946433,4.314510091409142
10082,AVLP016,AVLP016_R,R,glutamate,0.5396932363510132,5241,48123,Traced,10082.0,-1,middle_feedback,,,,
28871,LPLC2,LPLC2_R,R,acetylcholine,0.9715259671211243,303,2095,Traced,11498.0,1,sense_looming,100.24051936892755,30.412963819036705,8.148469561749232,5.3275575701445
11378,CB1280,CB1280_L,L,acetylcholine,0.9254516959190369,965,1892,Traced,,1,middle_gf,,,,
29561,JO-A2,JO-A2_L,L,acetylcholine,0.9079467058181763,479,107,Traced,,1,sense_hearing,,,,
11826,PVLP151,PVLP151_R,R,acetylcholine,0.9623985290527344,1338,8656,Traced,10173.0,1,middle_gf,,,,
10017,AMMC-A1,AMMC-A1_L,L,acetylcholine,0.47498899698257446,336,9584,Traced,10017.0,1,middle_feedback,,,,
39620,LPLC2,LPLC2_R,R,acetylcholine,0.9653679132461548,310,1876,Traced,11498.0,1,sense_looming,123.7062863554346,32.10663930958778,8.107700762755604,5.832278811264125
67975,LC6,LC6_L,L,acetylcholine,0.9020702838897705,227,644,Traced,18842.0,1,sense_looming,148.622516723619,-31.328634666572114,11.076400527571739,4.530562429840558
51872,LC6,LC6_R,R,acetylcholine,0.901090681552887,145,439,Traced,18842.0,1,sense_looming,105.79897979733859,39.49803727196873,12.719356998013396,2.8001513706298016
142818,JO-CM,JO-CM_L,L,acetylcholine,0.9453427791595459,264,107,Traced,,1,sense_hearing,,,,
69677,LC6,LC6_L,L,acetylcholine,0.9610663056373596,213,854,Traced,18842.0,1,sense_looming,15.647857731981077,3.5844453642274274,10.920222665281221,3.7837174232071056
21065,LC10a,LC10a_R,R,acetylcholine,0.9376116394996643,392,1857,Traced,10573.0,1,sense_pursuit,36.99097998874442,-4.587682878584495,8.992316029635804,3.433990092498844
801027,IN19A003,IN19A003_R,R,gaba,0.8572811484336853,1237,9817,Traced,801027.0,-1,middle_feedback,,,,
46718,LC6,LC6_R,R,acetylcholine,0.922816276550293,187,611,Traced,18842.0,1,sense_looming,68.57386013618456,28.53932813569709,11.071430875793522,4.029960575564492
33970,JO-EV1,JO-EV1_L,L,acetylcholine,0.9531111717224121,269,224,Traced,,1,sense_hearing,,,,
526066,JO-B2,JO-B2_L,L,acetylcholine,0.9582966566085815,118,132,Traced,,1,sense_hearing,,,,
15198,AOTU103m,AOTU103m_L,L,glutamate,0.8266919851303101,850,2333,Traced,15198.0,-1,middle_feedback,,,,
10101,PS100,PS100_R,R,gaba,0.8550328016281128,2278,16976,Traced,,-1,middle_feedback,,,,
17284,,,R,acetylcholine,0.9603016972541809,471,2122,Traced,,1,middle_feedback,,,,
233170,JO-B3,JO-B3_L,L,acetylcholine,0.9310020208358765,133,156,Traced,,1,sense_hearing,,,,
21238,LC10a,LC10a_R,R,acetylcholine,0.9592181444168091,375,1886,Traced,10573.0,1,sense_pursuit,34.79233105759233,0.8934701856455263,8.29652887483845,3.6443434906490806
58449,LC10a,LC10a_L,L,acetylcholine,0.9471573829650879,176,774,Traced,10573.0,1,sense_pursuit,97.6601743413166,27.734204435134174,7.113614465211992,3.4811461949703784
63625,LC6,LC6_L,L,acetylcholine,0.9266363382339478,242,790,Traced,18842.0,1,sense_looming,57.41261035827593,-5.613397846227521,12.60759213185027,3.9368045864647665
29469,LC4,LC4_L,L,acetylcholine,0.9559198021888733,361,2284,Traced,12032.0,1,sense_looming,100.60757173079303,0.41620226225737156,12.083649624053853,6.193116703300114
523641,CB3024,CB3024_L,L,gaba,0.8553614020347595,335,1764,Traced,,-1,middle_feedback,,,,
520188,AVLP610,AVLP610(hb1416796844)_L,L,dopamine,0.6029518842697144,3034,9594,Traced,11125.0,0,middle_feedback,,,,
529031,GNG300,GNG300_L,L,gaba,0.8561895489692688,1621,8772,Traced,10263.0,-1,middle_gf,,,,
68133,LC6,LC6_L,L,acetylcholine,0.9248479008674622,253,1065,Traced,18842.0,1,sense_looming,37.470123926787025,27.224518603352664,11.580151672483623,4.254362100331811
11832,CL367,CL367(hb1073428001)_L,L,gaba,0.8428096771240234,2449,5085,Traced,11361.0,-1,middle_feedback,,,,
19794,LC4,LC4_R,R,acetylcholine,0.9543834924697876,381,2852,Traced,12032.0,1,sense_looming,118.03964145962073,-47.781606245170096,13.44038875430572,5.546993409416504
12278,PS010,PS010_R,R,acetylcholine,0.9383251070976257,1333,6026,Traced,12278.0,1,middle_feedback,,,,
12384,LPLC2,LPLC2_L,L,acetylcholine,0.9638177156448364,356,2025,Traced,11498.0,1,sense_looming,83.13743065112632,-39.66485902370843,11.327302550649584,4.526700446224193
18138,AOTU015,AOTU015_R,R,acetylcholine,0.9610958695411682,570,2093,Traced,12627.0,1,middle_feedback,,,,
13181,ANXXX027,ANXXX027_R,R,acetylcholine,0.954620897769928,1785,20500,Traced,13181.0,1,middle_feedback,,,,
57894,LC10a,LC10a_R,R,acetylcholine,0.9466689825057983,138,427,Traced,10573.0,1,sense_pursuit,46.36217799669148,-46.925858686229276,5.341069262567436,3.2678335585351572
155319080,JO-CA1,JO-CA1_L,L,acetylcholine,0.9100843071937561,45,43,Traced,,1,sense_hearing,,,,
19753,AN23B003,AN23B003_L,L,acetylcholine,0.9656851291656494,2037,8655,Traced,19217.0,1,middle_feedback,,,,
25497,LPLC2,LPLC2_R,R,acetylcholine,0.9679530262947083,286,2175,Traced,11498.0,1,sense_looming,44.03800021455707,-6.737780253452584,9.519915679894039,6.628765113963943
49360,LC10a,LC10a_L,L,acetylcholine,0.9312098622322083,156,779,Traced,10573.0,1,sense_pursuit,-11.791427540732267,16.40381042327415,3.3943604004612262,4.763975532532922
17364,LC4,LC4_R,R,acetylcholine,0.9531211256980896,493,3727,Traced,12032.0,1,sense_looming,6.542934455484982,32.54375643474904,12.549476315910594,10.961201910237222
11091,AVLP542,AVLP542_L,L,gaba,0.8634577393531799,2310,13271,Traced,10925.0,-1,middle_feedback,,,,
21165,LC4,LC4_R,R,acetylcholine,0.9718246459960938,334,2733,Traced,12032.0,1,sense_looming,52.863851658632896,33.678929597384126,12.469979204937806,6.599060567712066
525289,CB0956,CB0956_L,L,acetylcholine,0.9747326970100403,441,1534,Traced,17357.0,1,middle_feedback,,,,
11476,SAD112_b,SAD112_b_L,L,gaba,0.8316945433616638,1756,6379,Traced,11476.0,-1,middle_feedback,,,,
13974,LC10a,LC10a_L,L,acetylcholine,0.9497710466384888,272,741,Traced,10573.0,1,sense_pursuit,99.0612469888441,-38.860550242596645,6.3916533156469155,3.37877632216925
527408,LC4,LC4_R,R,acetylcholine,0.9601790308952332,333,2258,Traced,12032.0,1,sense_looming,116.25662152495605,11.555226024079488,10.986233689211945,7.671906315004025
522405,PVLP106,PVLP106_R,R,unclear,0.49100443720817566,3118,25503,Traced,10641.0,0,middle_feedback,,,,
14106,CB2664,CB2664_L,L,acetylcholine,0.913715124130249,731,1637,Traced,13600.0,1,middle_gf,,,,
246484,JO-FV,JO-FV_L,L,acetylcholine,0.9747326970100403,23,55,Traced,,1,sense_hearing,,,,
10115,AVLP016,AVLP016_L,L,glutamate,0.5680680871009827,5824,42023,Traced,10082.0,-1,middle_feedback,,,,
91617,JO-B4_a,JO-B4_a_L,L,acetylcholine,0.9218395948410034,165,167,Traced,,1,sense_hearing,,,,
263492,JO-CM,JO-CM_L,L,acetylcholine,0.9274061322212219,123,46,Traced,,1,sense_hearing,,,,
13274,SAD073,SAD073_L,L,gaba,0.8495327830314636,914,3531,Traced,10315.0,-1,middle_feedback,,,,
522711,SAD023,SAD023_L,L,gaba,0.8113536238670349,241,642,Traced,29859.0,-1,middle_feedback,,,,
18211,CB4118,CB4118_R,R,gaba,0.8644351959228516,387,2660,Traced,17815.0,-1,middle_feedback,,,,
20103,LPLC2,LPLC2_R,R,acetylcholine,0.942314863204956,419,2651,Traced,11498.0,1,sense_looming,6.988361222915497,17.404966959051833,6.835928637245598,5.1774221235881885
95241,LPLC2,LPLC2_L,L,acetylcholine,0.9573029279708862,334,1660,Traced,11498.0,1,sense_looming,9.4096584771439,-16.168536566021288,8.864037370742581,8.823296437600112
138403,JO-EV2,JO-EV2_L,L,acetylcholine,0.8963085412979126,297,259,Traced,,1,sense_hearing,,,,
22034,LC4,LC4_R,R,acetylcholine,0.9552901983261108,349,2506,Traced,12032.0,1,sense_looming,85.67420165600103,24.99112465314238,11.489233765895895,7.202973558139872
513764,LAL028,LAL028_R,R,acetylcholine,0.9701828956604004,427,2467,Traced,19554.0,1,middle_feedback,,,,
126689,JO-EV1,JO-EV1_R,R,acetylcholine,0.920164167881012,249,189,Traced,,1,sense_hearing,,,,
19540,LC10a,LC10a_L,L,acetylcholine,0.8918092846870422,351,1515,Traced,10573.0,1,sense_pursuit,78.13949171413215,-1.2281353005956674,8.44417614905366,6.229626049517605
10592,AN08B012,AN08B012_L,L,acetylcholine,0.9170252680778503,2100,21916,Traced,10592.0,1,middle_feedback,,,,
39513,LC6,LC6_R,R,acetylcholine,0.9469930529594421,210,586,Traced,18842.0,1,sense_looming,115.46365856943959,-12.297977009886111,11.86704799077067,4.631719368350298
12747,CB0466,CB0466_R,R,gaba,0.8915692567825317,1382,7221,Traced,12747.0,-1,middle_feedback,,,,
519411,CB3024,CB3024_L,L,gaba,0.864909291267395,371,1376,Traced,,-1,middle_feedback,,,,
10688,CB0533,CB0533_R,R,acetylcholine,0.9680374264717102,1448,3925,Traced,10688.0,1,middle_feedback,,,,
23835,AOTU059,AOTU059_L,L,gaba,0.8125316500663757,502,1068,Traced,14368.0,-1,middle_feedback,,,,
15323,PVLP123,PVLP123_R,R,acetylcholine,0.9413862824440002,611,3047,Traced,15323.0,1,middle_feedback,,,,
224261,JO-FV,JO-FV_L,L,acetylcholine,0.9578733444213867,115,112,Traced,,1,sense_hearing,,,,
10038,pIP1,pIP1_R,R,acetylcholine,0.9498214721679688,5690,21379,Traced,10030.0,1,middle_feedback,,,,
535965,JO-B2,JO-B2_R,R,acetylcholine,0.9529197812080383,89,114,Traced,,1,sense_hearing,,,,
531538,CB1314,CB1314_L,L,gaba,0.8534971475601196,276,850,Traced,,-1,middle_feedback,,,,
32336,LC10a,LC10a_R,R,acetylcholine,0.9441646337509155,254,940,Traced,10573.0,1,sense_pursuit,73.31815037524713,35.404277039187434,7.195131931192552,3.547951723293154
24411,PVLP124,PVLP124_R,R,acetylcholine,0.9692432880401611,354,1841,Traced,24411.0,1,middle_feedback,,,,
10783,DNp09,DNp09_L,L,acetylcholine,0.9534627199172974,2739,8640,Traced,10783.0,1,out_steer,,,,
130622,JO-EV4,JO-EV4_L,L,acetylcholine,0.9453778862953186,198,131,Traced,,1,sense_hearing,,,,
19041,,,R,acetylcholine,0.9651180505752563,403,1440,Traced,16109.0,1,middle_feedback,,,,
12951,PVLP069,PVLP069_R,R,acetylcholine,0.969745397567749,1361,5623,Traced,12427.0,1,middle_feedback,,,,
920330,JO-FV,JO-FV_R,R,acetylcholine,0.905612051486969,14,8,Traced,,1,sense_hearing,,,,
111787,LC4,LC4_L,L,acetylcholine,0.9413525462150574,320,1873,Traced,12032.0,1,sense_looming,82.11699827763528,-2.3729690295362715,11.730305801062928,5.666076841285558
11887,LT82b,LT82b_R,R,acetylcholine,0.9550188183784485,1082,7224,Traced,11300.0,1,middle_feedback,,,,
27194,PVLP046,PVLP046_R,R,gaba,0.8545426726341248,613,848,Traced,11102.0,-1,middle_feedback,,,,
10992,PVLP122,PVLP122_L,L,acetylcholine,0.9552597403526306,1195,7578,Traced,10992.0,1,middle_gf,,,,
22584,,,L,acetylcholine,0.967667281627655,412,1870,Traced,,1,middle_feedback,,,,
10005,AOTU019,AOTU019_R,R,gaba,0.8350762128829956,2837,31981,Traced,10005.0,-1,middle_steer,,,,
36421,LC10a,LC10a_R,R,acetylcholine,0.9381662011146545,186,616,Traced,10573.0,1,sense_pursuit,141.63073189899865,-19.34541890472751,10.57494160044927,5.257818082581207
514293,CL268,CL268_L,L,acetylcholine,0.956844687461853,380,1251,Traced,23399.0,1,middle_feedback,,,,
16459,PVLP024,PVLP024_R,R,gaba,0.8827358484268188,411,3497,Traced,16459.0,-1,middle_feedback,,,,
241662,JO-ED2_a,JO-ED2_a_L,L,acetylcholine,0.7821196913719177,126,190,Traced,,1,sense_hearing,,,,
25209,LPLC2,LPLC2_L,L,acetylcholine,0.9601783752441406,267,1463,Traced,11498.0,1,sense_looming,103.84079859603445,18.35090173843639,7.50308775860409,6.290250732554482
11205,SAD073,SAD073_L,L,gaba,0.8533496856689453,710,2763,Traced,11205.0,-1,middle_feedback,,,,
77839,JO-mz,JO-mz_L,L,acetylcholine,0.9693992733955383,364,227,Traced,,1,sense_hearing,,,,
23919,LPLC2,LPLC2_L,L,acetylcholine,0.9617293477058411,373,1707,Traced,11498.0,1,sense_looming,102.46537535196389,45.33306581509942,9.588565232430964,3.1044277520319397
512415,PVLP123,PVLP123_L,L,acetylcholine,0.9640322327613831,544,2858,Traced,15323.0,1,middle_feedback,,,,
237833,JO-FV,JO-FV_L,L,acetylcholine,0.9747326970100403,112,89,Traced,,1,sense_hearing,,,,
532748,LAL029_d,LAL029_d_L,L,acetylcholine,0.9284335970878601,461,1838,Traced,18876.0,1,middle_feedback,,,,
34774,LC10a,LC10a_R,R,acetylcholine,0.9431705474853516,246,970,Traced,10573.0,1,sense_pursuit,-0.7641474666272714,19.83208295843137,5.966784667602575,3.417550312888336
20240,LPLC2,LPLC2_L,L,acetylcholine,0.9604634046554565,408,2105,Traced,11498.0,1,sense_looming,7.042688506327806,20.86916104112916,6.015371087522598,5.624362729605381
23867,LC10a,LC10a_R,R,acetylcholine,0.9567157030105591,323,1367,Traced,10573.0,1,sense_pursuit,43.544442596238696,-24.13607470399303,5.331870348377963,3.662571242732374
11677,PVLP151,PVLP151_R,R,acetylcholine,0.9645674228668213,1433,10961,Traced,10173.0,1,middle_gf,,,,
37613,LPLC2,LPLC2_R,R,acetylcholine,0.8271124958992004,243,1536,Traced,11498.0,1,sense_looming,147.01373142966804,-18.51101721184814,8.367465448945783,4.171880533964293
516500,WED206,WED206_L,L,gaba,0.8274731040000916,406,899,Traced,17449.0,-1,middle_feedback,,,,
536444,LPLC2,LPLC2_L,L,acetylcholine,0.9484407305717468,332,1930,Traced,11498.0,1,sense_looming,66.84871783964019,33.14158507745233,7.967543886511172,3.84044295210363
24118,LPLC2,LPLC2_R,R,acetylcholine,0.941770613193512,324,2536,Traced,11498.0,1,sense_looming,62.444142257506826,16.119645942737037,6.79911743046024,4.90493171472685
523808,VES099,VES099_R,R,gaba,0.8082864880561829,548,2021,Traced,512192.0,-1,middle_feedback,,,,
29633,LC6,LC6_R,R,acetylcholine,0.9662837982177734,230,880,Traced,18842.0,1,sense_looming,36.508641677703956,-29.48986068732055,11.37641487205962,4.624459092644672
123879,JO-EV1,JO-EV1_L,L,acetylcholine,0.9747326970100403,199,236,Traced,,1,sense_hearing,,,,
34803,LC6,LC6_L,L,acetylcholine,0.9660574793815613,224,588,Traced,18842.0,1,sense_looming,99.50717262301272,-9.38646555414325,10.549149697014537,5.6847849425172825
918248,JO-EV1,JO-EV1_L,L,acetylcholine,0.9200285077095032,213,139,Traced,,1,sense_hearing,,,,
10197,DNp02,DNp02_L,L,acetylcholine,0.9159098267555237,2427,9375,Traced,10117.0,1,out_escape,,,,
524789,CL022_c,CL022_c_L,L,acetylcholine,0.9635820984840393,783,2892,Traced,14017.0,1,middle_feedback,,,,
11367,PVLP061,PVLP061_R,R,acetylcholine,0.9187795519828796,3553,38603,Traced,10364.0,1,middle_feedback,,,,
12820,SAD051_b,SAD051_b_L,L,acetylcholine,0.9590511918067932,989,1359,Traced,10153.0,1,middle_feedback,,,,
18745,LAL300m,LAL300m_R,R,acetylcholine,0.9585390090942383,539,2148,Traced,18745.0,1,middle_steer,,,,
60534,JO-EV3,JO-EV3_L,L,acetylcholine,0.9037072658538818,300,172,Traced,,1,sense_hearing,,,,
521028,IB018,IB018_R,R,acetylcholine,0.9439653754234314,2082,17514,Traced,11208.0,1,middle_feedback,,,,
518450,AOTU016_c,AOTU016_c_L,L,acetylcholine,0.9365657567977905,483,2782,Traced,10850.0,1,middle_feedback,,,,
25296,LC10a,LC10a_R,R,acetylcholine,0.9483121633529663,294,976,Traced,10573.0,1,sense_pursuit,137.36598657562544,-32.2286351715196,7.4849841578088485,3.521273434576497
10780,AVLP396,AVLP396_L,L,acetylcholine,0.9625841975212097,1279,8215,Traced,10780.0,1,middle_gf,,,,
44656,LC10a,LC10a_R,R,acetylcholine,0.9091048836708069,148,717,Traced,10573.0,1,sense_pursuit,131.09781281974003,18.333026382973728,7.186890221939438,7.390991040292257
18929,LPLC2,LPLC2_R,R,acetylcholine,0.969434916973114,366,2202,Traced,11498.0,1,sense_looming,28.542890305346617,-30.533304014345347,12.533209625336571,8.109759359923713
96418,JO-EV5,JO-EV5_L,L,acetylcholine,0.9426259994506836,302,261,Traced,,1,sense_hearing,,,,
263851661,JO-EV6,JO-EV6_L,L,acetylcholine,0.8068631887435913,104,62,Traced,,1,sense_hearing,,,,
77614,LC4,LC4_L,L,acetylcholine,0.9624433517456055,395,2350,Traced,12032.0,1,sense_looming,125.18104959358485,-33.584424643011204,9.978670882364419,6.534326970507094
16809,LC4,LC4_L,L,acetylcholine,0.9661321043968201,338,1909,Traced,12032.0,1,sense_looming,144.88100502548087,-27.113649487664574,9.396831636012145,6.796357361297534
29216,LPLC2,LPLC2_R,R,acetylcholine,0.9445286393165588,257,2013,Traced,11498.0,1,sense_looming,92.98034561158569,-4.885340178009777,10.321632664065177,5.856812106804336
808257,IN00A062,IN00A062_M,M,gaba,0.8339936137199402,353,1351,Traced,806876.0,-1,middle_feedback,,,,
43886,LC6,LC6_L,L,acetylcholine,0.958286702632904,177,495,Traced,18842.0,1,sense_looming,128.07389668546577,-16.355100675335798,11.794396846142755,3.5560695858669265
25193,LC6,LC6_L,L,acetylcholine,0.90569007396698,239,726,Traced,18842.0,1,sense_looming,76.41425978335562,7.77076515278182,10.858131404746066,3.7296769217575014
28082,LC10a,LC10a_L,L,acetylcholine,0.9664527773857117,352,1319,Traced,10573.0,1,sense_pursuit,43.41532766038725,4.9740599310775195,7.115063957169745,3.697012945399158
29315,LC6,LC6_R,R,acetylcholine,0.9129015803337097,267,1091,Traced,18842.0,1,sense_looming,45.809229798428404,-8.561278697423383,11.631508148591074,4.057737940677723
18876,LAL029_d,LAL029_d_R,R,acetylcholine,0.950732946395874,444,2091,Traced,18876.0,1,middle_feedback,,,,
100103,LPLC2,LPLC2_L,L,acetylcholine,0.9544844627380371,383,1904,Traced,11498.0,1,sense_looming,10.331461320552794,6.786625678864667,6.166713127132564,6.527456681863948
31623,LC10a,LC10a_R,R,acetylcholine,0.9434916377067566,217,655,Traced,10573.0,1,sense_pursuit,97.48981402547129,-51.087179803542355,6.808277413663148,3.624606865050199
42411,LC6,LC6_L,L,acetylcholine,0.9497306942939758,233,801,Traced,18842.0,1,sense_looming,95.73167950468591,-19.72178330223138,13.133630954892388,4.019555652271727
92767,JO-FD1,JO-FD1_L,L,acetylcholine,0.9148659706115723,162,178,Traced,,1,sense_hearing,,,,
25854,LPLC2,LPLC2_L,L,acetylcholine,0.9529728293418884,312,1621,Traced,11498.0,1,sense_looming,53.764258689762045,29.98850808200004,7.393889053948649,3.4257768451512196
13600,CB2664,CB2664_R,R,acetylcholine,0.9690538048744202,683,1380,Traced,13600.0,1,middle_gf,,,,
274047,JO-mz,JO-mz_L,L,acetylcholine,0.9712766408920288,280,116,Traced,,1,sense_hearing,,,,
10448,PVLP093,PVLP093_L,L,gaba,0.8786754608154297,3710,8680,Traced,10448.0,-1,middle_feedback,,,,
536217,JO-EV2,JO-EV2_R,R,acetylcholine,0.6916981935501099,343,252,Traced,,1,sense_hearing,,,,
26450,LC10a,LC10a_R,R,acetylcholine,0.9344468712806702,265,1148,Traced,10573.0,1,sense_pursuit,22.055946374178745,-24.282263330013755,5.1184575565025785,3.392011926290297
23677,LC10a,LC10a_R,R,acetylcholine,0.9564262628555298,318,1199,Traced,10573.0,1,sense_pursuit,52.158198766237476,-37.695642224756455,5.3000885743007515,3.139778524755851
19554,LAL028,LAL028_R,R,acetylcholine,0.9695368409156799,374,2760,Traced,19554.0,1,middle_feedback,,,,
24592,LC10a,LC10a_R,R,acetylcholine,0.9543789029121399,286,1169,Traced,10573.0,1,sense_pursuit,60.50439294094764,-34.98447686018195,4.9919529431204,3.73704080494805
50287,LPLC2,LPLC2_R,R,acetylcholine,0.9266423583030701,222,1440,Traced,11498.0,1,sense_looming,130.04613311558018,6.741491732891632,8.289070793313595,5.772277231747298
10739,DNg24,DNg24_L,L,gaba,0.8614627122879028,2572,4344,Traced,10739.0,-1,middle_feedback,,,,
529200,CB3019,CB3019_L,L,acetylcholine,0.8968976736068726,511,2846,Traced,12156.0,1,middle_feedback,,,,
14252,CB3682,CB3682_L,L,acetylcholine,0.9689808487892151,674,2304,Traced,14252.0,1,middle_feedback,,,,
25316,LPLC2,LPLC2_R,R,acetylcholine,0.964649498462677,289,1777,Traced,11498.0,1,sense_looming,149.78008547239958,-38.954148331954116,8.9182653003475,5.565749572154689
12084,AOTU063_b,AOTU063_b_R,R,glutamate,0.6683940291404724,1282,11136,Traced,11370.0,-1,middle_feedback,,,,
110055,CB1538,CB1538_L,L,gaba,0.7967634797096252,368,1239,Traced,18082.0,-1,middle_feedback,,,,
387990,JO-A1,JO-A1_L,L,acetylcholine,0.7898900508880615,210,74,Traced,,1,sense_hearing,,,,
29287,LPLC2,LPLC2_R,R,acetylcholine,0.9384881258010864,294,1816,Traced,11498.0,1,sense_looming,73.90590936931186,33.76096863973173,8.514962877896005,4.484976993726422
580966,LC6,LC6_L,L,acetylcholine,0.9409366250038147,115,333,Traced,18842.0,1,sense_looming,93.20827012660952,44.38765950032776,10.68363655533843,2.8574615903022798
17668,LC4,LC4_R,R,acetylcholine,0.9341464638710022,430,3174,Traced,12032.0,1,sense_looming,5.1026294428773085,16.524030401818564,7.6241144636709866,10.003055847190842
512226,JO-EV1,JO-EV1_R,R,acetylcholine,0.8791463375091553,203,115,Traced,,1,sense_hearing,,,,
19703,LC10a,LC10a_L,L,acetylcholine,0.936751127243042,230,896,Traced,10573.0,1,sense_pursuit,90.58246960546465,23.29713834529865,8.945759752899693,4.1296957077214
27716,LPLC2,LPLC2_L,L,acetylcholine,0.9445151686668396,289,1699,Traced,11498.0,1,sense_looming,60.44817504501238,0.5896687717463678,8.462879479303007,5.888431348582982
14998,CB1538,CB1538_L,L,gaba,0.8012211918830872,422,1753,Traced,14998.0,-1,middle_gf,,,,
27709,LC10a,LC10a_R,R,acetylcholine,0.9547160863876343,291,919,Traced,10573.0,1,sense_pursuit,126.38372336362664,-39.51467258964291,7.61766149458544,4.0621113539989935
104465393,JO-EV2,JO-EV2_L,L,acetylcholine,0.5892238616943359,204,150,Traced,,1,sense_hearing,,,,
22148,LC10a,LC10a_R,R,acetylcholine,0.9486730098724365,335,1234,Traced,10573.0,1,sense_pursuit,83.10986600911656,-42.03288916880834,7.281168165526079,4.242704280938048
25110,CB4248,CB4175_L,L,gaba,0.8221490979194641,714,1325,Traced,10413.0,-1,middle_feedback,,,,
12086,GNG562,GNG562_R,R,gaba,0.8356155753135681,1134,5920,Traced,12086.0,-1,middle_feedback,,,,
24909,LC10a,LC10a_R,R,acetylcholine,0.9497675895690918,311,1106,Traced,10573.0,1,sense_pursuit,98.89452814517573,-32.92513103512352,7.311998378953872,3.9283970392643224
126654,JO-EV6,JO-EV6_L,L,acetylcholine,0.9386953711509705,296,148,Traced,,1,sense_hearing,,,,
532254,LC4,LC4_L,L,acetylcholine,0.9747326970100403,379,2527,Traced,12032.0,1,sense_looming,67.0885364370091,52.43139635462872,16.10428889487754,3.922095774376604
33965,LPLC2,LPLC2_L,L,acetylcholine,0.9662269353866577,228,1410,Traced,11498.0,1,sense_looming,114.3058294965451,6.059678302632605,11.40430334874024,6.121716566530006
108298,JO-CM,JO-CM_L,L,acetylcholine,0.9507649540901184,243,120,Traced,,1,sense_hearing,,,,
16899,AMMC024,AMMC024_L,L,gaba,0.8469891548156738,477,1237,Traced,,-1,middle_feedback,,,,
33865,LC6,LC6_R,R,acetylcholine,0.9309456944465637,244,1239,Traced,18842.0,1,sense_looming,27.070964575443476,11.191138237532371,10.724213633499787,4.572691490653914
151525,JO-mz,JO-mz_L,L,acetylcholine,0.9582476615905762,294,204,Traced,,1,sense_hearing,,,,
14168,CB1932,CB1932_L,L,acetylcholine,0.9564720988273621,637,2449,Traced,13088.0,1,middle_feedback,,,,
516911,PS230,PS230(PLP242)_L,L,acetylcholine,0.9479315280914307,1087,3430,Traced,11216.0,1,middle_feedback,,,,
570013,SAD098,SAD098_M,M,gaba,0.3006892502307892,655,1299,Traced,,-1,middle_feedback,,,,
15352,CB3692,CB3692_R,R,acetylcholine,0.9563514590263367,581,1540,Traced,15352.0,1,middle_feedback,,,,
25472,LC10a,LC10a_R,R,acetylcholine,0.9454947113990784,299,966,Traced,10573.0,1,sense_pursuit,116.4916010979633,-27.48407901841884,7.534662181985459,4.123919477368859
64805,LC6,LC6_L,L,acetylcholine,0.9452895522117615,165,581,Traced,18842.0,1,sense_looming,74.03483443082413,47.04581832619648,13.152139502968273,2.930051246545031
41240,LC10a,LC10a_R,R,acetylcholine,0.9335476160049438,165,603,Traced,10573.0,1,sense_pursuit,147.72906346368617,-15.778462380980386,8.05668892870551,4.295919315109113
14091,CB3544,CB3544_L,L,gaba,0.7690708637237549,323,2942,Traced,14091.0,-1,middle_gf,,,,
10167,VES041,VES041_R,R,gaba,0.8562464714050293,4208,20673,Traced,10109.0,-1,middle_feedback,,,,
32223,LPLC2,LPLC2_L,L,acetylcholine,0.9495091438293457,269,1280,Traced,11498.0,1,sense_looming,151.09883947484326,-17.256367216765653,8.39671458093478,4.654525733482925
15994,CB3513,CB3513_L,L,gaba,0.845313549041748,605,4461,Traced,15994.0,-1,middle_gf,,,,
519458,JO-B1_a,JO-B1_a_R,R,acetylcholine,0.9401723742485046,28,22,Traced,,1,sense_hearing,,,,
10867,PVLP076,PVLP076_R,R,acetylcholine,0.958116888999939,2394,13044,Traced,,1,middle_feedback,,,,
15508,LC10a,LC10a_L,L,acetylcholine,0.95774906873703,343,1213,Traced,10573.0,1,sense_pursuit,68.78721436390653,-18.327540791522836,6.959887274553915,3.1789674912288186
28533,LC10a,LC10a_L,L,acetylcholine,0.9604015350341797,338,1127,Traced,10573.0,1,sense_pursuit,60.15705115142734,-0.8571448734281475,8.13775039726809,3.664835302719213
473437,JO-unclear,JO-unclear_R,R,acetylcholine,0.9747326970100403,11,9,Traced,,1,sense_hearing,,,,
515513,JO-ED2_b,JO-ED2_b_L,L,acetylcholine,0.9316683411598206,338,208,Traced,,1,sense_hearing,,,,
17616,PVLP123,PVLP123_R,R,acetylcholine,0.9607452154159546,554,3649,Traced,15414.0,1,middle_feedback,,,,
78501,LC6,LC6_L,L,acetylcholine,0.9373831152915955,208,705,Traced,18842.0,1,sense_looming,79.3085863429894,-1.1157472271031281,10.963184728914797,3.0022700295382143
11666,SAD108,SAD108_L,L,acetylcholine,0.9580093026161194,1102,3577,Traced,10773.0,1,middle_feedback,,,,
22997,LC10a,LC10a_R,R,acetylcholine,0.9565009474754333,373,1725,Traced,10573.0,1,sense_pursuit,62.6206419062289,-12.501415046182856,7.957653776129716,4.054737668638696
512238,JO-CL,JO-CL_R,R,acetylcholine,0.8785253763198853,111,112,Traced,,1,sense_hearing,,,,
21299,LPLC2,LPLC2_L,L,acetylcholine,0.9600793719291687,331,1946,Traced,11498.0,1,sense_looming,108.38230709351585,-34.519528431498095,7.829139659141345,4.520132722572233
517819,LPLC2,LPLC2_L,L,acetylcholine,0.9472379684448242,353,2024,Traced,11498.0,1,sense_looming,33.926074476917215,25.830183505828046,5.6379119139865095,5.0968107247138885
25569,LC10d,LC10d_R,R,acetylcholine,0.9616140127182007,296,1176,Traced,13593.0,1,middle_feedback,,,,
23989,LC10a,LC10a_L,L,acetylcholine,0.9562064409255981,314,913,Traced,10573.0,1,sense_pursuit,43.91891838919158,-33.81075221960852,5.4652510156766345,3.705585057001886
20588,LC4,LC4_R,R,acetylcholine,0.9669595956802368,374,2691,Traced,12032.0,1,sense_looming,135.16393364702398,-23.47992280012525,10.649815663281608,7.097880917227678
16889,CB4182,CB4182_R,R,acetylcholine,0.9571334719657898,441,1121,Traced,,1,middle_feedback,,,,
11718,SAD093,SAD093_R,R,acetylcholine,0.9514075517654419,2117,3852,Traced,11718.0,1,middle_feedback,,,,
520409,CL268,CL268_L,L,acetylcholine,0.94295334815979,428,1642,Traced,23399.0,1,middle_feedback,,,,
26056,AVLP093,AVLP093_R,R,gaba,0.7505260109901428,461,1232,Traced,20885.0,-1,middle_feedback,,,,
74072,LC10a,LC10a_L,L,acetylcholine,0.8791239261627197,132,501,Traced,10573.0,1,sense_pursuit,146.81526481630812,1.1247302952586864,10.346035192959732,7.352093497978305
53585,LC10a,LC10a_L,L,acetylcholine,0.9071186780929565,129,378,Traced,10573.0,1,sense_pursuit,-1.8758436825465363,-21.196744974815267,11.904297764601257,11.510459836017088
491302,JO-EV3,JO-EV3_L,L,acetylcholine,0.7361201643943787,244,132,Traced,,1,sense_hearing,,,,
10033,DNg56,DNg56_R,R,gaba,0.8807777762413025,1654,4622,Traced,10033.0,-1,middle_feedback,,,,
25611,LC6,LC6_L,L,acetylcholine,0.9400700330734253,224,673,Traced,18842.0,1,sense_looming,75.9443389261477,-35.84549557597698,13.85972413598042,3.232222920307399
534038,PVLP062,PVLP062_R,R,acetylcholine,0.9415232539176941,1110,5894,Traced,,1,middle_feedback,,,,
534098,JO-EV6,JO-EV6_L,L,acetylcholine,0.9747326970100403,160,123,Traced,,1,sense_hearing,,,,
15733,CB3544,CB3544_R,R,gaba,0.7792044878005981,329,2694,Traced,14091.0,-1,middle_feedback,,,,
15068,PVLP019,PVLP019_L,L,gaba,0.8631443381309509,673,2914,Traced,12255.0,-1,middle_feedback,,,,
29986,LPLC2,LPLC2_R,R,acetylcholine,0.9669287204742432,248,1712,Traced,11498.0,1,sense_looming,66.22844472876537,-16.34588956964464,9.231474966197004,5.5559148320611085
19420,LC4,LC4_R,R,acetylcholine,0.9615833759307861,369,2872,Traced,12032.0,1,sense_looming,16.844009414616554,20.771232379307193,10.13013877740204,7.17826146365669
38160,JO-FD1,JO-FD1_L,L,acetylcholine,0.9404601454734802,198,200,Traced,,1,sense_hearing,,,,
31878,LC10a,LC10a_R,R,acetylcholine,0.9341345429420471,239,721,Traced,10573.0,1,sense_pursuit,150.22346671097364,-30.057086796686836,7.657482703937753,2.9178019942300484
19187,WED125,WED125_L,L,acetylcholine,0.9591954350471497,500,1871,Traced,17908.0,1,middle_feedback,,,,
211443,JO-EV6,JO-EV6_R,R,acetylcholine,0.893939733505249,72,24,Traced,,1,sense_hearing,,,,
25839,AVLP176_d,AVLP176_d_R,R,acetylcholine,0.9649266600608826,495,3781,Traced,22620.0,1,middle_feedback,,,,
482280,JO-FV,JO-FV_L,L,acetylcholine,0.6512401700019836,48,28,Traced,,1,sense_hearing,,,,
27796,LPLC2,LPLC2_L,L,acetylcholine,0.9519621133804321,298,1730,Traced,11498.0,1,sense_looming,88.95556156300067,17.17101703904224,6.63432514589614,5.942667746899858
24505,LC10a,LC10a_R,R,acetylcholine,0.9625862836837769,319,1181,Traced,10573.0,1,sense_pursuit,45.92803993095356,-30.223705310979238,5.289496517574951,3.814693610148212
802401,PSI,PSI_L,L,unclear,0.4207719564437866,590,6183,Traced,802401.0,0,out_escape,,,,
40105,LC6,LC6_L,L,acetylcholine,0.7943667769432068,253,751,Traced,18842.0,1,sense_looming,102.56891402795067,0.9401701765535222,10.866748854723681,3.633183263916657
12984,CL256,CL256_R,R,acetylcholine,0.9428755640983582,1400,6532,Traced,12984.0,1,middle_feedback,,,,
11249,WED190,WED190_M,M,gaba,0.8066351413726807,3119,7186,Traced,,-1,middle_feedback,,,,
44281,LC6,LC6_R,R,acetylcholine,0.9356896281242371,174,820,Traced,18842.0,1,sense_looming,10.437578817442699,18.927528471770074,8.789574430792841,3.9445289729095823
28143,LC10a,LC10a_L,L,acetylcholine,0.9522815942764282,346,1131,Traced,10573.0,1,sense_pursuit,94.25988255258349,-14.145916007890612,8.073224068351461,4.095032156680744
24568,LPLC2,LPLC2_L,L,acetylcholine,0.9599839448928833,329,1947,Traced,11498.0,1,sense_looming,45.189815878666565,5.844842419107323,6.843248031846465,5.461530678879775
35351,JO-A1,JO-A1_L,L,acetylcholine,0.9187268018722534,329,149,Traced,,1,sense_hearing,,,,
14055,CB4176,CB4176_L,L,gaba,0.871773362159729,633,1171,Traced,,-1,middle_feedback,,,,
16109,,,R,acetylcholine,0.9653100371360779,412,1825,Traced,16109.0,1,middle_feedback,,,,
12419,CL140,CL140_R,R,gaba,0.8879553079605103,1195,5633,Traced,12419.0,-1,middle_feedback,,,,
119378,JO-EV1,JO-EV1_L,L,acetylcholine,0.9288622736930847,296,148,Traced,,1,sense_hearing,,,,
22218,LPLC2,LPLC2_R,R,acetylcholine,0.9536272287368774,322,2850,Traced,11498.0,1,sense_looming,76.55348176062232,-13.112278392881585,10.435734638851645,5.741787025582752
28980,LC4,LC4_L,L,acetylcholine,0.962675929069519,322,2122,Traced,12032.0,1,sense_looming,57.68809966487463,35.96684196218561,12.780214610876305,5.654210990234927
190894,JO-B4_b,JO-B4_b_L,L,acetylcholine,0.9510689377784729,164,130,Traced,,1,sense_hearing,,,,
901811,JO-EV6,JO-EV6_R,R,acetylcholine,0.7750169634819031,68,39,Traced,,1,sense_hearing,,,,
52783,LC10a,LC10a_R,R,acetylcholine,0.8906189203262329,127,596,Traced,10573.0,1,sense_pursuit,110.42066076517332,34.81984495800005,9.256437400630938,5.428158276016293
12507,AVLP340,AVLP340_R,R,acetylcholine,0.9446814656257629,1291,6157,Traced,11191.0,1,middle_feedback,,,,
529652,LC6,LC6_L,L,acetylcholine,0.9166008234024048,167,528,Traced,18842.0,1,sense_looming,125.67673166413675,23.06081478101754,11.615133046098325,3.116954818401116
512688,SAD097,SAD097_L,L,acetylcholine,0.9624534249305725,948,2626,Traced,10889.0,1,middle_feedback,,,,
14899,AN05B006,AN05B006_L,L,gaba,0.8882554769515991,3238,7350,Traced,,-1,middle_feedback,,,,
256622,JO-ED2_b,JO-ED2_b_L,L,acetylcholine,0.8302999138832092,168,112,Traced,,1,sense_hearing,,,,
529811,AVLP476,AVLP476_L,L,dopamine,0.6523795127868652,3596,7196,Traced,10898.0,0,middle_feedback,,,,
520628,CB0591,CB0591_R,R,acetylcholine,0.9635937213897705,1741,4202,Traced,11950.0,1,middle_feedback,,,,
11125,AVLP610,AVLP610_R,R,dopamine,0.5758243799209595,2933,9831,Traced,11125.0,0,middle_feedback,,,,
467856331,JO-CM,JO-CM_R,R,acetylcholine,0.6379361152648926,72,22,Traced,,1,sense_hearing,,,,
12395,IB114,IB114_L,L,gaba,0.8640520572662354,1656,7768,Traced,,-1,middle_feedback,,,,
42121,JO-ED2_c,JO-ED2_c_L,L,acetylcholine,0.9439868927001953,347,242,Traced,,1,sense_hearing,,,,
552035,JO-A2,JO-A2_L,L,acetylcholine,0.9062210917472839,340,147,Traced,,1,sense_hearing,,,,
519392,WED061,WED061_L,L,acetylcholine,0.9647945165634155,683,1921,Traced,,1,middle_feedback,,,,
10118,DNb05,DNb05_L,L,acetylcholine,0.9593688249588013,3350,17938,Traced,10065.0,1,middle_feedback,,,,
532569,CL038,CL038_L,L,glutamate,0.7349817752838135,524,3207,Traced,17144.0,-1,middle_feedback,,,,
27689,LC10a,LC10a_L,L,acetylcholine,0.9513928890228271,333,1227,Traced,10573.0,1,sense_pursuit,23.53194411257862,-22.027861729747137,4.897116793198686,3.299713244535431
24719,LC10a,LC10a_L,L,acetylcholine,0.9592492580413818,313,919,Traced,10573.0,1,sense_pursuit,21.986296354301352,-27.33785685410345,5.464291541809934,3.7417810620283647
220799,JO-CL,JO-CL_L,L,acetylcholine,0.7912697792053223,164,130,Traced,,1,sense_hearing,,,,
558778,AN08B012,AN08B012_R,R,acetylcholine,0.9436095356941223,2088,20148,Traced,10592.0,1,middle_feedback,,,,
535341,LC4,LC4_L,L,acetylcholine,0.9682897925376892,301,1885,Traced,12032.0,1,sense_looming,67.02124968013041,8.408025946435728,11.259994163978481,6.180674916652912
19549,LPLC2,LPLC2_R,R,acetylcholine,0.9583162069320679,355,2565,Traced,11498.0,1,sense_looming,120.85811061660763,-45.507667282731234,9.1659515353636,4.299038629380351
22975,LC4,LC4_R,R,acetylcholine,0.9719416499137878,348,2547,Traced,12032.0,1,sense_looming,128.93467904083238,-5.897569869474168,12.29731218720273,7.212265858955349
121251,JO-CA2,JO-CA2_L,L,acetylcholine,0.8805074691772461,175,220,Traced,,1,sense_hearing,,,,
10502,AOTU041,AOTU041_L,L,gaba,0.8429510593414307,2259,19638,Traced,10031.0,-1,middle_feedback,,,,
43910,LC10a,LC10a_R,R,acetylcholine,0.8909677267074585,162,516,Traced,10573.0,1,sense_pursuit,60.390288732504985,-50.97061169360855,5.856458934851002,3.2420300623062475
530029,LC4,LC4_L,L,acetylcholine,0.9590374231338501,371,2225,Traced,12032.0,1,sense_looming,127.47855913942297,8.20658021663634,11.58045882101085,7.761389716678823
516907,JO-EV2,JO-EV2_R,R,acetylcholine,0.8477890491485596,321,286,Traced,,1,sense_hearing,,,,
515971,LPLC2,LPLC2_L,L,acetylcholine,0.9535103440284729,457,2256,Traced,11498.0,1,sense_looming,18.43889673694914,38.82905108412548,8.808615820323947,5.261022654522265
12917,SAD078,SAD078_L,L,unclear,0.480560302734375,338,1526,Traced,10505.0,0,middle_feedback,,,,
70408,LC10a,LC10a_R,R,acetylcholine,0.8533480763435364,72,383,Traced,10573.0,1,sense_pursuit,1.408674879684817,-16.524129055982705,4.177601424361174,12.005607358427287
114598,JO-B4_b,JO-B4_b_L,L,acetylcholine,0.9293824434280396,299,141,Traced,,1,sense_hearing,,,,
515476,LC4,LC4_L,L,acetylcholine,0.9614444971084595,365,2267,Traced,12032.0,1,sense_looming,76.42799986379073,38.20400214252676,12.686965904317855,5.714167223114163
12041,AVLP396,AVLP396_R,R,acetylcholine,0.9416748881340027,1291,9890,Traced,10780.0,1,middle_gf,,,,
35294,LPLC2,LPLC2_L,L,acetylcholine,0.9560499787330627,208,1275,Traced,11498.0,1,sense_looming,127.08456786928241,14.470770522600205,9.294611750154417,5.3177213477020056
10246,SAD096,SAD096(hb2316502686)_M,M,gaba,0.8326948285102844,1744,3138,Traced,,-1,middle_gf,,,,
52559,CB4163,CB4163_R,R,gaba,0.8264232873916626,303,931,Traced,,-1,middle_feedback,,,,
59269,LC6,LC6_R,R,acetylcholine,0.9157543778419495,181,652,Traced,18842.0,1,sense_looming,142.49123412305647,-21.36585976569436,14.292815107500566,4.252306408796606
29859,SAD023,SAD023_R,R,gaba,0.8489499092102051,242,1017,Traced,29859.0,-1,middle_feedback,,,,
29186,LC10a,LC10a_R,R,acetylcholine,0.945453941822052,232,847,Traced,10573.0,1,sense_pursuit,73.71671513733729,-49.0582150469038,4.6398144880152135,3.156551492700834
107513,LC4,LC4_L,L,acetylcholine,0.9303247928619385,284,1763,Traced,12032.0,1,sense_looming,98.2556330428613,33.6273440925593,11.893039646193113,6.323114439731829
11017,PVLP093,PVLP093_R,R,gaba,0.884028971195221,3684,9253,Traced,10448.0,-1,middle_feedback,,,,
227655,JO-FV,JO-FV_L,L,acetylcholine,0.9648181200027466,98,87,Traced,,1,sense_hearing,,,,
21392,CB3400,CB3400_L,L,acetylcholine,0.9628760814666748,490,2069,Traced,,1,middle_feedback,,,,
23202,LC4,LC4_L,L,acetylcholine,0.9609261155128479,351,2177,Traced,12032.0,1,sense_looming,37.0485377622851,-5.87883048066751,11.635699626681914,7.176198225403556
14002,LC33,LC33_R,R,glutamate,0.8042155504226685,949,3506,Traced,12712.0,-1,middle_feedback,,,,
750369552,JO-B3,JO-B3_L,L,acetylcholine,0.9277877807617188,62,42,Traced,,1,sense_hearing,,,,
35680,LPLC2,LPLC2_R,R,acetylcholine,0.9508398175239563,203,1560,Traced,11498.0,1,sense_looming,105.07806596596068,19.13520988688994,7.89466485268986,6.249614708148648
11697,AVLP500,AVLP500_L,L,acetylcholine,0.9601657390594482,1398,8196,Traced,11697.0,1,middle_feedback,,,,
79498,JO-B1_c,JO-B1_c_L,L,acetylcholine,0.9137375950813293,175,239,Traced,,1,sense_hearing,,,,
10925,AVLP542,AVLP542_R,R,gaba,0.8577448129653931,2302,14621,Traced,10925.0,-1,middle_feedback,,,,
46003,WED072,WED072_L,L,acetylcholine,0.9564480185508728,690,2813,Traced,15225.0,1,middle_feedback,,,,
54078,JO-A2,JO-A2_L,L,acetylcholine,0.9229039549827576,412,210,Traced,,1,sense_hearing,,,,
20572,LC4,LC4_L,L,acetylcholine,0.9610029458999634,353,2284,Traced,12032.0,1,sense_looming,18.430010472795125,-2.4843618043669906,8.561789546415612,7.7171248825965515
20440,LC4,LC4_L,L,acetylcholine,0.9636730551719666,351,2294,Traced,12032.0,1,sense_looming,41.520311608281396,37.7740055962868,11.98528120811844,5.230161465035613
10257,AMMC-A1,AMMC-A1_L,L,acetylcholine,0.5931804776191711,267,8677,Traced,10017.0,1,middle_feedback,,,,
10386,PVLP031,PVLP031_L,L,gaba,0.7656511664390564,581,2820,Traced,10386.0,-1,middle_feedback,,,,
19537,LC10a,LC10a_L,L,acetylcholine,0.9554467797279358,302,879,Traced,10573.0,1,sense_pursuit,112.40406463097594,-16.483696756075332,8.507076704497377,3.156573808856581
20535,LPLC2,LPLC2_R,R,acetylcholine,0.9498440623283386,390,2732,Traced,11498.0,1,sense_looming,35.66676468931742,33.99082467754985,7.266750330519089,4.303577951886475
806232,IN00A041,IN00A041_M,M,gaba,0.8454444408416748,403,1882,Traced,806192.0,-1,middle_feedback,,,,
16723,CB3201,CB3201_R,R,acetylcholine,0.9527022242546082,264,758,Traced,,1,middle_feedback,,,,
32237,LPLC2,LPLC2_L,L,acetylcholine,0.9709673523902893,257,1490,Traced,11498.0,1,sense_looming,140.77022038381816,11.41779882116758,9.203402985524841,8.84706459338039
511996,CB0956,CB0956_L,L,acetylcholine,0.9643890261650085,563,2020,Traced,17357.0,1,middle_feedback,,,,
28654,LC10a,LC10a_R,R,acetylcholine,0.9638709425926208,268,739,Traced,10573.0,1,sense_pursuit,130.52443541450555,-18.36087345831912,7.441003629574241,3.8077015969105887
19756,CB1852,CB1852_R,R,acetylcholine,0.968600869178772,791,3760,Traced,,1,middle_feedback,,,,
205095020,JO-FV,JO-FV_R,R,acetylcholine,0.9242812991142273,77,38,Traced,,1,sense_hearing,,,,
17990,LPLC2,LPLC2_L,L,acetylcholine,0.950113832950592,355,2089,Traced,11498.0,1,sense_looming,18.139574372667603,16.1487731403503,6.4072489974407025,4.910212612438212
20917,LC4,LC4_R,R,acetylcholine,0.9721188545227051,371,2724,Traced,12032.0,1,sense_looming,102.61273859806563,-36.31252652887642,12.725041907042492,6.51837377307231
11599,AVLP429,AVLP429_L,L,acetylcholine,0.9687442183494568,1459,3395,Traced,11599.0,1,middle_feedback,,,,
210416,JO-B1_c,JO-B1_c_L,L,acetylcholine,0.9516207575798035,84,166,Traced,,1,sense_hearing,,,,
27704,LC10a,LC10a_R,R,acetylcholine,0.9466560482978821,311,1286,Traced,10573.0,1,sense_pursuit,60.98323869445085,30.038329338946383,7.071678235213958,4.291581421539598
10743,SAD001,SAD001_L,L,acetylcholine,0.9214902520179749,474,1371,Traced,10743.0,1,middle_feedback,,,,
701436290,JO-EV3,JO-EV3_R,R,acetylcholine,0.5152848958969116,76,27,Traced,,1,sense_hearing,,,,
930758,JO-CL,JO-CL_R,R,acetylcholine,0.8698850274085999,74,74,Traced,,1,sense_hearing,,,,
21984,LC10a,LC10a_R,R,acetylcholine,0.9541159868240356,377,1748,Traced,10573.0,1,sense_pursuit,62.8356721353194,-4.037715341972685,7.734351616050507,4.792554284701616
25438,SAD064,SAD064_L,L,acetylcholine,0.9401876926422119,590,2407,Traced,15665.0,1,middle_gf,,,,
70691,LC6,LC6_L,L,acetylcholine,0.9253036975860596,157,481,Traced,18842.0,1,sense_looming,85.45824308074891,30.057093944785592,9.82095716689327,3.0572803909020494
13261,WED117,WED117_L,L,acetylcholine,0.9545029401779175,671,1612,Traced,13261.0,1,middle_feedback,,,,
60335,JO-FD1,JO-FD1_L,L,acetylcholine,0.9386230707168579,161,169,Traced,,1,sense_hearing,,,,
19283,LAL300m,LAL300m_L,L,acetylcholine,0.9462737441062927,545,2082,Traced,18745.0,1,middle_feedback,,,,
43534,LC6,LC6_R,R,acetylcholine,0.8725519180297852,190,610,Traced,18842.0,1,sense_looming,127.24888431642898,9.415855164160888,8.960143198163284,4.114468579046565
31964,LPLC2,LPLC2_R,R,acetylcholine,0.9460766911506653,339,2182,Traced,11498.0,1,sense_looming,90.93258532395004,36.00095863355645,7.876412188165237,4.044433562942606
532298,LC10a,LC10a_L,L,acetylcholine,0.9290132522583008,85,249,Traced,10573.0,1,sense_pursuit,21.556425661044756,-26.059445007708497,6.790232701568324,32.96612818694048
10536,DNg29,DNg29_L,L,acetylcholine,0.9548786878585815,2444,10637,Traced,10536.0,1,middle_feedback,,,,
31262,LC4,LC4_R,R,acetylcholine,0.939863920211792,361,2030,Traced,12032.0,1,sense_looming,156.05569956435568,-31.583327445647214,8.142091011403203,7.63355571002138
517465,AOTU026,AOTU026_L,L,acetylcholine,0.9565717577934265,907,4408,Traced,18146.0,1,middle_feedback,,,,
527694,CL323,CL323_R,R,acetylcholine,0.9397557377815247,444,2142,Traced,,1,middle_feedback,,,,
35534,LC6,LC6_R,R,acetylcholine,0.9136186242103577,222,786,Traced,18842.0,1,sense_looming,126.40662348287259,-44.54623646496344,11.150053968407889,3.559165321214214
38484,LC6,LC6_L,L,acetylcholine,0.9562442898750305,210,629,Traced,18842.0,1,sense_looming,34.113010314650126,-31.119634051535343,10.603120412498063,2.948621841298825
81112,LC4,LC4_L,L,acetylcholine,0.9662539958953857,457,2752,Traced,12032.0,1,sense_looming,98.95939846294924,-54.05413291888868,17.687465411839064,3.841657313418471
422978,JO-FV,JO-FV_R,R,acetylcholine,0.9556335806846619,152,85,Traced,,1,sense_hearing,,,,
303057,JO-FV,JO-FV_R,R,acetylcholine,0.9410392642021179,115,83,Traced,,1,sense_hearing,,,,
12184,PVLP122,PVLP122_R,R,acetylcholine,0.9498177170753479,1208,9008,Traced,10992.0,1,middle_feedback,,,,
12391,AOTU027,AOTU027_L,L,acetylcholine,0.9562511444091797,683,4640,Traced,12391.0,1,middle_feedback,,,,
530850,AVLP176_d,AVLP176_d_R,R,acetylcholine,0.9480529427528381,473,3445,Traced,22620.0,1,middle_feedback,,,,
25412,LC10a,LC10a_L,L,acetylcholine,0.9693963527679443,364,1253,Traced,10573.0,1,sense_pursuit,42.494203419196154,23.25879451947489,10.58413082330076,6.990878495861517
107847,JO-CL,JO-CL_L,L,acetylcholine,0.8958101868629456,135,136,Traced,,1,sense_hearing,,,,
29622,AOTU002_b,AOTU002_b_R,R,acetylcholine,0.9700726270675659,417,2531,Traced,27730.0,1,middle_feedback,,,,
58807,LC6,LC6_R,R,acetylcholine,0.8587894439697266,134,403,Traced,18842.0,1,sense_looming,113.39201345316368,32.82345908681141,9.23176862291498,3.3903912761833954
17527,CB0956,CB0956_R,R,acetylcholine,0.9579224586486816,461,1418,Traced,17357.0,1,middle_feedback,,,,
19830,LPLC2,LPLC2_L,L,acetylcholine,0.9502300024032593,396,2038,Traced,11498.0,1,sense_looming,91.47563499624047,-48.767065955626585,15.512663274197404,3.8737213648435813
37926,LC6,LC6_R,R,acetylcholine,0.9213139414787292,218,1032,Traced,18842.0,1,sense_looming,7.446654188433268,5.825681801946871,11.022160088088533,3.6733135890664568
37925,LPLC2,LPLC2_R,R,acetylcholine,0.9543780088424683,238,1548,Traced,11498.0,1,sense_looming,135.5872138522936,16.005204238756775,8.375889430161617,8.90680090563942
12628,DNpe042,DNpe042(CL262)_R,R,acetylcholine,0.9503861665725708,2312,17140,Traced,10091.0,1,middle_gf,,,,
531900,CB4179,CB4179_L,L,gaba,0.8805217146873474,643,1443,Traced,518428.0,-1,middle_feedback,,,,
171008,JO-CA1,JO-CA1_L,L,acetylcholine,0.8813019394874573,135,202,Traced,,1,sense_hearing,,,,
512366,LC4,LC4_L,L,acetylcholine,0.9609549641609192,422,2332,Traced,12032.0,1,sense_looming,147.08214649984347,-40.48842815468335,10.378782824542698,5.866145996095049
12066,SAD051_a,SAD051_a_L,L,acetylcholine,0.9496831893920898,736,1203,Traced,10795.0,1,middle_feedback,,,,
29391,LPLC2,LPLC2_R,R,acetylcholine,0.9495595693588257,308,1760,Traced,11498.0,1,sense_looming,109.97359059704293,34.26117190813369,8.450547898379172,5.2988557749151015
31784,SAD023,SAD023_R,R,gaba,0.7938782572746277,296,1040,Traced,29859.0,-1,middle_feedback,,,,
19658,PVLP074,PVLP074_L,L,acetylcholine,0.973045825958252,576,2673,Traced,19658.0,1,middle_feedback,,,,
18687,CB3019,CB3019_R,R,acetylcholine,0.9450886249542236,524,4109,Traced,12156.0,1,middle_feedback,,,,
133527,JO-CL,JO-CL_L,L,acetylcholine,0.8460288047790527,98,96,Traced,,1,sense_hearing,,,,
12215,PVLP122,PVLP122_R,R,acetylcholine,0.9639865756034851,1444,9675,Traced,11927.0,1,middle_gf,,,,
518426,AN01A086,AN01A086_L,L,acetylcholine,0.9687776565551758,1630,2257,Traced,14700.0,1,middle_feedback,,,,
223861,JO-CM,JO-CM_L,L,acetylcholine,0.9432846903800964,216,136,Traced,,1,sense_hearing,,,,
27730,AOTU002_b,AOTU002_b_L,L,acetylcholine,0.9329528212547302,465,2179,Traced,27730.0,1,middle_feedback,,,,
20673,LC4,LC4_R,R,acetylcholine,0.9747326970100403,341,2927,Traced,12032.0,1,sense_looming,65.21339147795206,18.793532125274936,11.769508946056325,7.215727807099012
514956,LC4,LC4_L,L,acetylcholine,0.9716736078262329,317,2051,Traced,12032.0,1,sense_looming,110.1623143723281,23.245653441158893,10.93065649943404,6.416538718892504
23741,LC10a,LC10a_L,L,acetylcholine,0.9450964331626892,393,1207,Traced,10573.0,1,sense_pursuit,36.63358702211966,-20.169467777011825,6.8541962062267165,3.2908862924736
547920,JO-B1_a,JO-B1_a_L,L,acetylcholine,0.8952316641807556,122,157,Traced,,1,sense_hearing,,,,
12830,PS232,PS232_R,R,acetylcholine,0.9492152333259583,1180,4207,Traced,12830.0,1,middle_feedback,,,,
17584,PVLP123,PVLP123_L,L,acetylcholine,0.9502720832824707,476,2488,Traced,17426.0,1,middle_feedback,,,,
62434,JO-CL,JO-CL_L,L,acetylcholine,0.9747326970100403,131,136,Traced,,1,sense_hearing,,,,
71157,CB3513,CB3513_L,L,gaba,0.8751798868179321,839,3825,Traced,,-1,middle_feedback,,,,
10117,DNp02,DNp02_R,R,acetylcholine,0.84504234790802,2756,8921,Traced,10117.0,1,out_escape,,,,
14466,CB2153,CB2153_R,R,acetylcholine,0.9624255895614624,867,1387,Traced,,1,middle_feedback,,,,
521627,LC31b,LC31b_L,L,acetylcholine,0.9407134652137756,1142,6630,Traced,11794.0,1,middle_feedback,,,,
12053,SAD106,SAD106_R,R,acetylcholine,0.962988018989563,1980,4748,Traced,11782.0,1,middle_feedback,,,,
22259,LC10a,LC10a_L,L,acetylcholine,0.9618959426879883,378,1332,Traced,10573.0,1,sense_pursuit,28.73517810345215,3.9157242621758357,6.081428250981817,4.1897761664294775
22292,AVLP094,AVLP094_L,L,gaba,0.7751768827438354,520,1167,Traced,21548.0,-1,middle_feedback,,,,
762295104,JO-FV,JO-FV_R,R,acetylcholine,0.958048403263092,58,44,Traced,,1,sense_hearing,,,,
562165,JO-mz,JO-mz_L,L,acetylcholine,0.9427100419998169,303,186,Traced,,1,sense_hearing,,,,
17404,AVLP202,AVLP202_R,R,gaba,0.7483107447624207,343,3502,Traced,,-1,middle_feedback,,,,
493774068,JO-EV1,JO-EV1_R,R,acetylcholine,0.604698896408081,202,143,Traced,,1,sense_hearing,,,,
10962,LAL026_a,LAL026_a_L,L,acetylcholine,0.9550299644470215,689,3691,Traced,10962.0,1,middle_feedback,,,,
10641,PVLP106,PVLP106_L,L,unclear,0.49546512961387634,3426,24510,Traced,10641.0,0,middle_feedback,,,,
26393,LPLC2,LPLC2_R,R,acetylcholine,0.9379976391792297,317,2043,Traced,11498.0,1,sense_looming,87.42569144261972,41.82532154144113,8.108229010230126,3.3324607806351985
30511,AVLP498,AVLP498_L,L,acetylcholine,0.9549113512039185,2152,10326,Traced,11630.0,1,middle_feedback,,,,
926518,IN12B015,IN12B015_R,R,gaba,0.8885300755500793,1264,3849,Traced,801828.0,-1,middle_feedback,,,,
13959,OA-ASM3,OA-ASM3_L,L,unclear,0.5104504227638245,2212,4001,Traced,13959.0,0,middle_feedback,,,,
806876,IN00A062,IN00A062_M,M,gaba,0.8332929611206055,445,1743,Traced,806876.0,-1,middle_feedback,,,,
839090650,JO-FV,JO-FV_R,R,acetylcholine,0.9158596396446228,33,9,Traced,,1,sense_hearing,,,,
516606,JO-ED2_b,JO-ED2_b_R,R,acetylcholine,0.9119360446929932,324,230,Traced,,1,sense_hearing,,,,
331081,JO-FV,JO-FV_L,L,acetylcholine,0.9545724987983704,48,65,Traced,,1,sense_hearing,,,,
10259,DNp11,DNp11_L,L,acetylcholine,0.9347718358039856,3328,12792,Traced,10106.0,1,out_escape,,,,
16659,PVLP011,PVLP011_R,R,gaba,0.8404628038406372,5254,44912,Traced,16659.0,-1,middle_feedback,,,,
16068,CB3710,CB3710_L,L,acetylcholine,0.9663081765174866,692,1937,Traced,13149.0,1,middle_feedback,,,,
20047,LPLC2,LPLC2_R,R,acetylcholine,0.9510197043418884,409,2876,Traced,11498.0,1,sense_looming,41.30437063204781,22.533851446663206,7.420979894777699,4.9278213454729825
20399,LC4,LC4_R,R,acetylcholine,0.9598578810691833,391,2821,Traced,12032.0,1,sense_looming,48.82078798068552,22.022685240596616,10.921879979155285,6.935756512218927
18907,PVLP123,PVLP123_L,L,acetylcholine,0.9538077712059021,557,3120,Traced,15414.0,1,middle_feedback,,,,
15602,GNG515,GNG515_L,L,gaba,0.8450918197631836,972,2860,Traced,12232.0,-1,middle_feedback,,,,
22620,AVLP176_d,AVLP176_d_L,L,acetylcholine,0.9350813627243042,489,2986,Traced,22620.0,1,middle_feedback,,,,
25572,LPLC2,LPLC2_L,L,acetylcholine,0.9633756279945374,342,1885,Traced,11498.0,1,sense_looming,69.3903517088896,47.12114055082576,8.51031007167282,3.51272848644987
23001,LC10a,LC10a_L,L,acetylcholine,0.9689202308654785,334,951,Traced,10573.0,1,sense_pursuit,98.62171590076474,-30.908055607960627,6.432781652393874,3.830551452749173
40800,LC6,LC6_R,R,acetylcholine,0.9402837157249451,169,597,Traced,18842.0,1,sense_looming,120.50688560210392,-37.91949276742946,9.745926699197026,3.892778927187686
25817,LC10a,LC10a_L,L,acetylcholine,0.964819610118866,294,750,Traced,10573.0,1,sense_pursuit,98.27880320099173,-44.51141913712499,8.893828156451795,4.600506553918217
99367,JO-CA2,JO-CA2_L,L,acetylcholine,0.9432613253593445,185,166,Traced,,1,sense_hearing,,,,
23497,LPLC2,LPLC2_R,R,acetylcholine,0.9492678046226501,419,3001,Traced,11498.0,1,sense_looming,23.089048689591948,37.82990757458829,8.707955684455753,4.575235545524427
528991,LC10a,LC10a_L,L,acetylcholine,0.9656090140342712,319,1062,Traced,10573.0,1,sense_pursuit,75.89672598087056,17.643412338677805,7.67057600338205,5.413078327811088
557828,JO-EV3,JO-EV3_L,L,acetylcholine,0.9449025392532349,325,235,Traced,,1,sense_hearing,,,,
17144,CL038,CL038_R,R,glutamate,0.764199435710907,481,3053,Traced,17144.0,-1,middle_feedback,,,,
10128,SAD103,SAD103_M,M,gaba,0.8643752932548523,1925,6763,Traced,,-1,middle_gf,,,,
66361,LC10a,LC10a_L,L,acetylcholine,0.9474318027496338,142,315,Traced,10573.0,1,sense_pursuit,56.24309803776377,-50.18309080320775,4.78459905994631,2.7618283292537997
32763,LC6,LC6_R,R,acetylcholine,0.9571552872657776,221,793,Traced,18842.0,1,sense_looming,26.59985812628701,-23.76519789634645,8.793051468011749,3.622723362459647
530485,SAD004,SAD004_R,R,acetylcholine,0.9566074013710022,482,1646,Traced,15952.0,1,middle_feedback,,,,
522302,SAD051_a,SAD051_a_L,L,acetylcholine,0.8995427489280701,903,1498,Traced,10795.0,1,middle_feedback,,,,
35262,LC4,LC4_L,L,acetylcholine,0.9684090614318848,307,1956,Traced,12032.0,1,sense_looming,77.40048913630551,6.782842232537149,11.551183496807024,7.070070602397535
60450,LC6,LC6_L,L,acetylcholine,0.940269410610199,169,602,Traced,18842.0,1,sense_looming,100.78703001817082,13.66379692049145,15.777255372115853,3.598135198075214
38360,LC6,LC6_R,R,acetylcholine,0.9296860098838806,237,809,Traced,18842.0,1,sense_looming,23.591492289137406,-14.19980195036446,11.521515555800688,3.6157076417906286
11272,PVLP062,PVLP062_L,L,acetylcholine,0.9512937068939209,1159,4974,Traced,,1,middle_feedback,,,,
14491,CB3673b,CB3673b_R,R,acetylcholine,0.9627285003662109,485,1627,Traced,14491.0,1,middle_feedback,,,,
155912,JO-EV2,JO-EV2_L,L,acetylcholine,0.9339831471443176,238,187,Traced,,1,sense_hearing,,,,
530461,JO-EV1,JO-EV1_R,R,acetylcholine,0.8297909498214722,194,187,Traced,,1,sense_hearing,,,,
156608300,JO-FV,JO-FV_R,R,acetylcholine,0.9462712407112122,34,33,Traced,,1,sense_hearing,,,,
15261,CB2664,CB2664_R,R,acetylcholine,0.9699559211730957,609,1406,Traced,13600.0,1,middle_feedback,,,,
19422,CB2789,CB2789_L,L,acetylcholine,0.9499801397323608,470,928,Traced,16667.0,1,middle_feedback,,,,
18432,LC4,LC4_L,L,acetylcholine,0.9747326970100403,304,1986,Traced,12032.0,1,sense_looming,92.83582690225091,-14.069664347686881,11.494028052601466,6.381262761307007
10173,PVLP151,PVLP151_L,L,acetylcholine,0.9617031812667847,1415,8872,Traced,10173.0,1,middle_gf,,,,
18335,AOTU015,AOTU015_R,R,acetylcholine,0.9569959044456482,438,3475,Traced,12627.0,1,middle_feedback,,,,
12459,WED109,WED109_L,L,acetylcholine,0.9527945518493652,663,3559,Traced,12459.0,1,middle_feedback,,,,
15791,SAD064,SAD064_L,L,acetylcholine,0.937923789024353,711,2507,Traced,13114.0,1,middle_gf,,,,
523874,CB3673a,CB3673a_R,R,acetylcholine,0.9663007855415344,575,1545,Traced,514979.0,1,middle_feedback,,,,
32912,JO-EV6,JO-EV6_L,L,acetylcholine,0.8222756385803223,369,196,Traced,,1,sense_hearing,,,,
20329,LPLC2,LPLC2_L,L,acetylcholine,0.9469972848892212,350,2199,Traced,11498.0,1,sense_looming,34.930463602787874,3.4115714159687656,7.497155540570927,5.937432265415002
77185,JO-EV3,JO-EV3_R,R,acetylcholine,0.8594367504119873,429,213,Traced,,1,sense_hearing,,,,
531863,AOTU012,AOTU012_L,L,acetylcholine,0.9261049628257751,1497,11332,Traced,10406.0,1,middle_steer,,,,
512118,VES087,VES087_L,L,gaba,0.8608189821243286,1009,5228,Traced,13289.0,-1,middle_feedback,,,,
511914,LC4,LC4_L,L,acetylcholine,0.9262266159057617,360,2252,Traced,12032.0,1,sense_looming,73.38356583940622,-30.520079560602696,11.679797060630571,6.189920283484853
24187,LPLC2,LPLC2_R,R,acetylcholine,0.9565905928611755,374,2223,Traced,11498.0,1,sense_looming,91.52459368478449,48.8908290001022,9.321586136542468,2.9111000160487843
82928,JO-ED2_b,JO-ED2_b_L,L,acetylcholine,0.9203656911849976,214,129,Traced,,1,sense_hearing,,,,
448449,JO-EV2,JO-EV2_R,R,acetylcholine,0.6476860642433167,187,99,Traced,,1,sense_hearing,,,,
10001,DNp01,DNp01(GF)_R,R,acetylcholine,0.5004955530166626,1015,18582,Traced,10001.0,1,out_escape,,,,
533959,JO-CL,JO-CL_R,R,acetylcholine,0.8974120020866394,113,91,Traced,,1,sense_hearing,,,,
29803,LC10a,LC10a_L,L,acetylcholine,0.960599958896637,275,894,Traced,10573.0,1,sense_pursuit,56.74281212854419,-43.21969267758803,6.345425253806805,2.834160725391795
63314,LC6,LC6_L,L,acetylcholine,0.9161181449890137,182,637,Traced,18842.0,1,sense_looming,147.84753226682386,-20.401753827552056,9.653761942345625,4.364821952676562
136628,CB1638,CB1638_L,L,acetylcholine,0.9527989625930786,177,420,Traced,,1,middle_feedback,,,,
26147,LPLC2,LPLC2_R,R,acetylcholine,0.9434179067611694,310,2191,Traced,11498.0,1,sense_looming,64.73209099021905,10.457999089389347,8.863697961069253,5.2608120568197085
523860,AVLP509,AVLP509_L,L,acetylcholine,0.9574021697044373,1286,7902,Traced,13329.0,1,middle_feedback,,,,
92768,JO-CL,JO-CL_L,L,acetylcholine,0.8939434885978699,132,138,Traced,,1,sense_hearing,,,,
25636,LPLC2,LPLC2_R,R,acetylcholine,0.9600963592529297,265,2147,Traced,11498.0,1,sense_looming,99.34060472729416,-18.118261645998587,11.220787005746475,4.844970958094276
471787,JO-FV,JO-FV_R,R,acetylcholine,0.805645227432251,109,110,Traced,,1,sense_hearing,,,,
137801097,JO-B3,JO-B3_L,L,acetylcholine,0.8130344748497009,48,66,Traced,,1,sense_hearing,,,,
28599,LC10a,LC10a_R,R,acetylcholine,0.9564869999885559,266,1059,Traced,10573.0,1,sense_pursuit,22.983493983329204,-29.60622623768822,4.524263851737735,4.0531997860824225
519931,LC4,LC4_L,L,acetylcholine,0.9718926548957825,342,2262,Traced,12032.0,1,sense_looming,40.62785249107565,29.334588810280238,10.242205166326913,5.988208709566125
13963,CB2521,CB2521_L,L,acetylcholine,0.9577601552009583,858,1733,Traced,13895.0,1,middle_feedback,,,,
32737,LPLC2,LPLC2_L,L,acetylcholine,0.9530858993530273,314,2056,Traced,11498.0,1,sense_looming,77.26268576276294,6.148783681626398,8.579401308301634,5.0361679749956165
515512,JO-ED2_b,JO-ED2_b_L,L,acetylcholine,0.948754072189331,336,250,Traced,,1,sense_hearing,,,,
13007,mALD4,mALD4_R,R,gaba,0.836033046245575,1795,3992,Traced,11166.0,-1,middle_feedback,,,,
513113,JO-CA2,JO-CA2_L,L,acetylcholine,0.8948744535446167,158,234,Traced,,1,sense_hearing,,,,
20542,LC4,LC4_R,R,acetylcholine,0.9636878371238708,351,2786,Traced,12032.0,1,sense_looming,43.22765958824507,12.156729836562732,11.99328519603921,7.576608660373701
521358,SAD093,SAD093_L,L,acetylcholine,0.945114254951477,2255,4267,Traced,11718.0,1,middle_feedback,,,,
268351,JO-FD2,JO-FD2_R,R,acetylcholine,0.828647255897522,179,130,Traced,,1,sense_hearing,,,,
17544,LPLC2,LPLC2_L,L,acetylcholine,0.9507301449775696,323,1719,Traced,11498.0,1,sense_looming,159.097552823797,-26.65813008559038,8.430751890363428,5.107668413610753
67186,JO-EV6,JO-EV6_L,L,acetylcholine,0.938180148601532,239,113,Traced,,1,sense_hearing,,,,
22847,LC4,LC4_R,R,acetylcholine,0.9488937854766846,450,3041,Traced,12032.0,1,sense_looming,67.43942992435208,52.82327988033714,15.129006834375057,4.509181399029499
10944,SAD098,SAD098_M,M,gaba,0.8698323965072632,993,5836,Traced,,-1,middle_feedback,,,,
10995,PVLP120,PVLP120_R,R,acetylcholine,0.9665449261665344,2370,21379,Traced,10609.0,1,middle_feedback,,,,
31055,JO-FV,JO-FV_R,R,acetylcholine,0.9547184109687805,291,365,Traced,,1,sense_hearing,,,,
522472,LT82a,LT82a_L,L,acetylcholine,0.9582517743110657,1060,7678,Traced,11219.0,1,middle_feedback,,,,
23890,LC10a,LC10a_R,R,acetylcholine,0.9506809115409851,323,1176,Traced,10573.0,1,sense_pursuit,84.19536033985828,-27.536487322698974,6.833054537319484,3.6788415088007893
238938,JO-EV2,JO-EV2_L,L,acetylcholine,0.9117036461830139,154,136,Traced,,1,sense_hearing,,,,
22070,LC10a,LC10a_R,R,acetylcholine,0.9530596137046814,358,1232,Traced,10573.0,1,sense_pursuit,69.19274561144647,-43.056173347604116,5.225779452425819,3.483446711328276
85707,LC10a,LC10a_R,R,acetylcholine,0.902837336063385,81,222,Traced,10573.0,1,sense_pursuit,-3.964909407448042,21.904202605567605,8.191920863887491,13.343979361142262
913441,IN05B032,IN05B032_L,L,gaba,0.8577431440353394,233,2288,Traced,808023.0,-1,middle_feedback,,,,
24492,LC10a,LC10a_R,R,acetylcholine,0.9613913893699646,364,1664,Traced,10573.0,1,sense_pursuit,28.466032872482323,27.28643371008188,7.636352932053317,5.132743419672318
17426,PVLP123,PVLP123_R,R,acetylcholine,0.9548413157463074,439,2200,Traced,17426.0,1,middle_feedback,,,,
116906,JO-CA2,JO-CA2_L,L,acetylcholine,0.9107518196105957,182,269,Traced,,1,sense_hearing,,,,
25952,LC10a,LC10a_R,R,acetylcholine,0.9431281685829163,307,1102,Traced,10573.0,1,sense_pursuit,103.42264387773946,-1.9693576236509713,8.827130573807805,4.117481518457866
11416,LAL083,LAL083_R,R,glutamate,0.7392100095748901,1043,7716,Traced,10868.0,-1,middle_feedback,,,,
75970,JO-EV3,JO-EV3_L,L,acetylcholine,0.9234088063240051,340,214,Traced,,1,sense_hearing,,,,
15471,LC10a,LC10a_L,L,acetylcholine,0.9343010187149048,240,637,Traced,10573.0,1,sense_pursuit,151.8900663180178,-32.549151667362665,7.60946306885785,3.7110505536963867
35838,LPLC2,LPLC2_R,R,acetylcholine,0.9508262276649475,203,1365,Traced,11498.0,1,sense_looming,144.20359564350687,-10.213638620682914,8.689753429884837,3.9698189727133824
42123,LC6,LC6_L,L,acetylcholine,0.9133535623550415,253,1001,Traced,18842.0,1,sense_looming,16.20569513185543,17.626081723122425,12.429850103599575,4.318506042445364
10263,GNG300,GNG300_R,R,gaba,0.8327103853225708,1568,7777,Traced,10263.0,-1,middle_gf,,,,
10297,LHAD1g1,LHAD1g1_R,R,gaba,0.8023775219917297,3260,29542,Traced,10147.0,-1,middle_gf,,,,
10570,SAD107,SAD107_R,R,gaba,0.8558668494224548,1184,2215,Traced,10570.0,-1,middle_gf,,,,
11014,AN01A089,AN01A089_L,L,acetylcholine,0.9377976059913635,2942,8337,Traced,10775.0,1,middle_feedback,,,,
29514,LC4,LC4_L,L,acetylcholine,0.961102306842804,285,1993,Traced,12032.0,1,sense_looming,85.2904125697973,31.75162658351323,10.992605324606888,5.528050552323034
144112,JO-B4_a,JO-B4_a_L,L,acetylcholine,0.8828397393226624,190,219,Traced,,1,sense_hearing,,,,
23247,LPLC2,LPLC2_L,L,acetylcholine,0.9585126638412476,359,1838,Traced,11498.0,1,sense_looming,66.61155881117905,-18.3681807034178,10.814916757695057,6.402348290189122
33335,DNpe024,DNpe024(CL325)_L,L,acetylcholine,0.9590628743171692,1301,4186,Traced,33335.0,1,middle_feedback,,,,
21983,LC10a,LC10a_R,R,acetylcholine,0.9553289413452148,350,1482,Traced,10573.0,1,sense_pursuit,23.977401776706188,-16.51200943379269,5.7822281767607775,3.301780228055307
17340,LC4,LC4_L,L,acetylcholine,0.9723144173622131,401,2279,Traced,12032.0,1,sense_looming,107.86153781795453,-45.33233348167819,10.250534166327103,6.215726667703749
19066,AOTU016_b,AOTU016_b_R,R,acetylcholine,0.9617576003074646,449,3258,Traced,19066.0,1,middle_feedback,,,,
37042,LC10a,LC10a_L,L,acetylcholine,0.9414869546890259,263,958,Traced,10573.0,1,sense_pursuit,90.72551116165663,12.495862496154416,6.975193743061622,4.313413559343329
37958,LC10a,LC10a_R,R,acetylcholine,0.9591890573501587,187,523,Traced,10573.0,1,sense_pursuit,81.77180511987169,-53.456723442695555,9.937889311069634,2.3143541235164244
27967,LC10a,LC10a_L,L,acetylcholine,0.9095606207847595,298,871,Traced,10573.0,1,sense_pursuit,88.61203464017518,-49.09959832706946,5.064353173257652,2.8568725631406244
22309,CB3201,CB3201_R,R,acetylcholine,0.9572898149490356,334,1418,Traced,,1,middle_feedback,,,,
303968,JO-FV,JO-FV_L,L,acetylcholine,0.9413188695907593,87,75,Traced,,1,sense_hearing,,,,
512821,CB4248,CB4175_L,L,gaba,0.8500977158546448,727,1548,Traced,,-1,middle_feedback,,,,
34845,LC4,LC4_L,L,acetylcholine,0.9480578899383545,327,1829,Traced,12032.0,1,sense_looming,128.0601018336084,-18.217133453122038,9.609349795354678,6.286747022413216
27399,LPLC2,LPLC2_L,L,acetylcholine,0.9417113065719604,323,1954,Traced,11498.0,1,sense_looming,63.502118100922644,10.89790006220015,7.3502344007086675,4.7184834218842235
66302,JO-EV6,JO-EV6_L,L,acetylcholine,0.9351876378059387,294,207,Traced,,1,sense_hearing,,,,
575597,LC10a,LC10a_L,L,acetylcholine,0.958286702632904,177,545,Traced,10573.0,1,sense_pursuit,46.08478833832778,-46.97455430801242,5.946422752049279,3.29609969954707
524005,LAL026_b,LAL026_b_L,L,acetylcholine,0.956647515296936,804,3468,Traced,13240.0,1,middle_feedback,,,,
13726,LPLC2,LPLC2_L,L,acetylcholine,0.93963223695755,442,2421,Traced,11498.0,1,sense_looming,3.4536676481168733,28.048535128969732,7.514455496002687,5.751292804405186
35321,LC6,LC6_R,R,acetylcholine,0.9436207413673401,187,817,Traced,18842.0,1,sense_looming,40.55242772498149,-35.68998247182192,9.545460498175768,3.8084535505844612
163625,JO-EV2,JO-EV2_L,L,acetylcholine,0.9426495432853699,151,202,Traced,,1,sense_hearing,,,,
10480,MeVP53,MeVP53_R,R,gaba,0.864844024181366,1799,4304,Traced,10251.0,-1,middle_feedback,,,,
480695,JO-unclear,JO-unclear_L,L,acetylcholine,0.8796063661575317,51,25,Traced,,1,sense_hearing,,,,
32493,LC10a,LC10a_L,L,acetylcholine,0.9513704180717468,332,1159,Traced,10573.0,1,sense_pursuit,67.45451288921515,21.535489779782566,8.144643252157637,4.1888197307756965
183993,JO-FV,JO-FV_R,R,acetylcholine,0.9649205207824707,198,246,Traced,,1,sense_hearing,,,,
464153,JO-FV,JO-FV_R,R,acetylcholine,0.9141836166381836,80,67,Traced,,1,sense_hearing,,,,
10031,AOTU041,AOTU041_R,R,gaba,0.8680858612060547,2134,20586,Traced,10031.0,-1,middle_feedback,,,,
25446,LC10a,LC10a_R,R,acetylcholine,0.9155606627464294,328,1449,Traced,10573.0,1,sense_pursuit,47.67905080726639,26.2662350145726,7.55668969157959,4.368326274988524
369423058,JO-A4,JO-A4_R,R,acetylcholine,0.4551822543144226,28,15,Traced,,1,sense_hearing,,,,
28134,LC10d,LC10d_R,R,acetylcholine,0.9522278308868408,259,1029,Traced,13593.0,1,middle_feedback,,,,
73812,LC6,LC6_L,L,acetylcholine,0.9548019170761108,195,569,Traced,18842.0,1,sense_looming,52.68384377322971,-34.06522634588815,11.3088177996347,3.359806832857514
514979,CB3673a,CB3673a_L,L,acetylcholine,0.9249919056892395,605,2086,Traced,514979.0,1,middle_feedback,,,,
19463,CB1688,CB1688_R,R,acetylcholine,0.9669723510742188,1001,3303,Traced,19463.0,1,middle_feedback,,,,
514481,PVLP123,PVLP123_L,L,acetylcholine,0.9415028095245361,554,3218,Traced,15414.0,1,middle_gf,,,,
13522,SAD051_b,SAD051_b_L,L,acetylcholine,0.953296959400177,996,1429,Traced,10153.0,1,middle_feedback,,,,
29563,LC4,LC4_R,R,acetylcholine,0.9747326970100403,354,2435,Traced,12032.0,1,sense_looming,97.95037123483245,17.90455182587769,12.186165679057181,7.2802505835670015
11988,SAD072,SAD072_R,R,gaba,0.8741103410720825,1352,1972,Traced,11988.0,-1,middle_feedback,,,,
16904,AVLP259,AVLP259_L,L,acetylcholine,0.9648908376693726,789,4887,Traced,16246.0,1,middle_feedback,,,,
29319,LPLC2,LPLC2_L,L,acetylcholine,0.9453502297401428,264,1543,Traced,11498.0,1,sense_looming,93.367820982538,6.678808496573993,9.759527781924708,6.609283433024586
25524,LPLC2,LPLC2_L,L,acetylcholine,0.957581639289856,283,1602,Traced,11498.0,1,sense_looming,24.85276708293933,10.045579156698366,5.611616943634598,5.986466175524989
39108,LC10a,LC10a_L,L,acetylcholine,0.9608325362205505,279,634,Traced,10573.0,1,sense_pursuit,144.04793088034143,-39.575482457523975,7.308947741562315,4.634940876922188
190501,JO-ED2_a,JO-ED2_a_L,L,acetylcholine,0.9183070659637451,172,124,Traced,,1,sense_hearing,,,,
10970,GNG301,GNG301_R,R,gaba,0.8750494122505188,2083,5322,Traced,10970.0,-1,middle_feedback,,,,
13895,CB2521,CB2521_R,R,acetylcholine,0.9698525071144104,796,1328,Traced,13895.0,1,middle_feedback,,,,
943174,JO-FV,JO-FV_R,R,acetylcholine,0.9496886730194092,116,69,Traced,,1,sense_hearing,,,,
11883,PVLP017,PVLP017_R,R,gaba,0.8378078937530518,1589,14404,Traced,11252.0,-1,middle_feedback,,,,
513999,LC6,LC6_L,L,acetylcholine,0.9536119103431702,230,822,Traced,18842.0,1,sense_looming,70.95530145390939,19.750532700493537,11.296321997576497,3.403807838364218
16073,AMMC035,AMMC035_L,L,gaba,0.866940438747406,302,756,Traced,16073.0,-1,middle_feedback,,,,
11303,PLP211,PLP211_L,L,unclear,0.4025682806968689,4103,4888,Traced,11303.0,0,middle_feedback,,,,
128729,JO-EV3,JO-EV3_L,L,acetylcholine,0.8844558596611023,279,163,Traced,,1,sense_hearing,,,,
89002,JO-FV,JO-FV_R,R,acetylcholine,0.9413945078849792,233,265,Traced,,1,sense_hearing,,,,
19954,LC4,LC4_R,R,acetylcholine,0.968868613243103,331,2806,Traced,12032.0,1,sense_looming,73.21329606343606,-25.60816213772202,12.965839413120499,6.374557668012721
308077970,JO-EV2,JO-EV2_R,R,acetylcholine,0.8004269003868103,78,48,Traced,,1,sense_hearing,,,,
17551,LPLC2,LPLC2_R,R,acetylcholine,0.9477360844612122,431,2889,Traced,11498.0,1,sense_looming,-0.7693496734036032,1.5303522335792508,7.088031119797373,11.57808561437274
79679,JO-B1_a,JO-B1_a_L,L,acetylcholine,0.9153417944908142,196,231,Traced,,1,sense_hearing,,,,
10876,SAD111,SAD111_R,R,gaba,0.8815293312072754,1505,4170,Traced,10876.0,-1,middle_gf,,,,
534040,PVLP015,PVLP015_R,R,glutamate,0.7201674580574036,1554,10128,Traced,11472.0,-1,middle_feedback,,,,
23686,LC10a,LC10a_R,R,acetylcholine,0.9521062970161438,343,1412,Traced,10573.0,1,sense_pursuit,78.48250410618581,-17.608502995994996,7.502406937703954,3.730534890654062
17608,LC4,LC4_L,L,acetylcholine,0.9516361355781555,420,2396,Traced,12032.0,1,sense_looming,140.08410547500992,5.765033731560905,11.825145280405224,13.934478690156842
20338,CB1498,CB1498_R,R,acetylcholine,0.9529410600662231,445,3475,Traced,,1,middle_feedback,,,,
37829,AOTU059,AOTU059_R,R,gaba,0.8267156481742859,273,773,Traced,14368.0,-1,middle_feedback,,,,
10972,AMMC034_b,AMMC034_b_L,L,acetylcholine,0.959284782409668,817,1615,Traced,10972.0,1,middle_feedback,,,,
526286,LC4,LC4_L,L,acetylcholine,0.9684498310089111,309,2036,Traced,12032.0,1,sense_looming,56.72169087897802,-20.678695035656077,10.508872136479777,5.513238175266931
30714,LC6,LC6_R,R,acetylcholine,0.9366915225982666,255,864,Traced,18842.0,1,sense_looming,71.32146230850525,-22.013915638422887,11.23534520699765,3.611610927314201
21804,LC4,LC4_R,R,acetylcholine,0.9639934301376343,361,2351,Traced,12032.0,1,sense_looming,143.47353386845128,-43.829158566803535,11.579642784783637,6.347238325061207
532653,LC10a,LC10a_L,L,acetylcholine,0.9315599799156189,180,631,Traced,10573.0,1,sense_pursuit,129.50154078981484,-3.5537354256045504,8.653044223190168,3.671707918085177
41612,CB1638,CB1638_R,R,acetylcholine,0.969202995300293,175,529,Traced,,1,middle_feedback,,,,
30883,CL323,CL323_R,R,acetylcholine,0.9626721143722534,402,2230,Traced,,1,middle_feedback,,,,
523769,DNa02,DNa02_L,L,acetylcholine,0.9505229592323303,3167,24527,Traced,10360.0,1,out_steer,,,,
53572,LC10a,LC10a_R,R,acetylcholine,0.9331377744674683,210,761,Traced,10573.0,1,sense_pursuit,57.947749162328435,50.23869739422044,9.157582359136304,3.5854037909315446
49424,LC10a,LC10a_L,L,acetylcholine,0.9412657022476196,145,420,Traced,10573.0,1,sense_pursuit,158.17641116630537,-14.122154128191227,6.558545486030942,4.538941496990958
10879,AVLP076,AVLP076_R,R,gaba,0.7962020635604858,4891,40399,Traced,10494.0,-1,middle_feedback,,,,
10323,CL366,CL366_R,R,gaba,0.8423498272895813,5671,12954,Traced,10184.0,-1,middle_feedback,,,,
11790,CB0397,CB0397_L,L,gaba,0.8599362373352051,640,3401,Traced,11790.0,-1,middle_gf,,,,
33885,LC6,LC6_R,R,acetylcholine,0.9586061239242554,241,816,Traced,18842.0,1,sense_looming,56.43739462671033,-27.03572425563206,12.448951661739601,4.111277856545607
89017,JO-EV2,JO-EV2_L,L,acetylcholine,0.9497140645980835,310,294,Traced,,1,sense_hearing,,,,
992060213,JO-CA1,JO-CA1_L,L,acetylcholine,0.8583020567893982,75,50,Traced,,1,sense_hearing,,,,
25067,LC10a,LC10a_R,R,acetylcholine,0.9547226428985596,291,1248,Traced,10573.0,1,sense_pursuit,91.0294360634615,8.140325913414543,7.925707576728702,5.250308721236023
13329,AVLP509,AVLP509_R,R,acetylcholine,0.9460746645927429,1454,8827,Traced,13329.0,1,middle_feedback,,,,
513222,SAD110,SAD110_L,L,gaba,0.7987114191055298,1196,2995,Traced,11242.0,-1,middle_feedback,,,,
33406,LPLC2,LPLC2_L,L,acetylcholine,0.9619091749191284,227,1209,Traced,11498.0,1,sense_looming,114.70707445300218,-1.9124273161428889,9.009628976584029,5.069177851344796
18977,CB4163,CB4163_R,R,gaba,0.8572967648506165,448,1619,Traced,,-1,middle_feedback,,,,
12110,PLP029,PLP029_R,R,glutamate,0.731549084186554,986,7090,Traced,12110.0,-1,middle_feedback,,,,
15367,LT52,LT52_R,R,glutamate,0.7181432843208313,895,4311,Traced,14485.0,-1,middle_feedback,,,,
196804,JO-EV3,JO-EV3_R,R,acetylcholine,0.7614552974700928,423,236,Traced,,1,sense_hearing,,,,
28044,LPLC2,LPLC2_R,R,acetylcholine,0.9492528438568115,419,2707,Traced,11498.0,1,sense_looming,70.47876300260884,42.8615258990598,7.9731305377118025,4.357338785363732
527690,PVLP022,PVLP022_L,L,gaba,0.8496571183204651,594,3861,Traced,11895.0,-1,middle_feedback,,,,
16482,PVLP123,PVLP123_L,L,acetylcholine,0.9522830843925476,778,3841,Traced,16445.0,1,middle_gf,,,,
41089,LC10a,LC10a_R,R,acetylcholine,0.9340665340423584,191,760,Traced,10573.0,1,sense_pursuit,99.87450917939626,31.45904419432182,9.467930991123637,3.3699421763970108
142804,JO-EV6,JO-EV6_L,L,acetylcholine,0.9332942366600037,281,123,Traced,,1,sense_hearing,,,,
38148,LC6,LC6_R,R,acetylcholine,0.9461771845817566,204,790,Traced,18842.0,1,sense_looming,100.14032783918177,-29.255269467330685,10.442092507671282,3.717309829431662
846271510,JO-A2,JO-A2_L,L,acetylcholine,0.9053944945335388,196,130,Traced,,1,sense_hearing,,,,
33185,LPLC2,LPLC2_R,R,acetylcholine,0.934814989566803,243,1769,Traced,11498.0,1,sense_looming,92.93337591740985,14.35719604716789,8.817339970842301,5.883141831875204
29686,LC10a,LC10a_L,L,acetylcholine,0.9506082534790039,322,1043,Traced,10573.0,1,sense_pursuit,98.11132667127445,-7.8499855063652575,8.813548422570257,3.663006881492627
24283,LC10a,LC10a_R,R,acetylcholine,0.9472423195838928,353,1432,Traced,10573.0,1,sense_pursuit,10.929651271610787,10.564744395992165,6.432823670295657,3.869387277812745
407821,JO-EV5,JO-EV5_R,R,acetylcholine,0.6847235560417175,87,36,Traced,,1,sense_hearing,,,,
13122,PVLP130,PVLP130_R,R,gaba,0.8695302605628967,1683,6428,Traced,10145.0,-1,middle_feedback,,,,
30789,AN08B009,AN08B009_R,R,acetylcholine,0.9657133221626282,1933,5355,Traced,30789.0,1,middle_feedback,,,,
850213452,JO-EV1,JO-EV1_R,R,acetylcholine,0.6610352396965027,65,27,Traced,,1,sense_hearing,,,,
27579,LC10a,LC10a_R,R,acetylcholine,0.9595677852630615,256,906,Traced,10573.0,1,sense_pursuit,108.45824826752064,-43.04103733282143,6.284821101377844,3.6618330862070705
525958,PLP060,PLP060_L,L,gaba,0.8685339093208313,2757,7612,Traced,11440.0,-1,middle_feedback,,,,
16168,GNG343,GNG343_L,M,gaba,0.8304168581962585,517,2583,Traced,16168.0,-1,middle_feedback,,,,
19563,AOTU016_c,AOTU016_c_R,R,acetylcholine,0.9538094997406006,464,2928,Traced,10850.0,1,middle_feedback,,,,
10580,DNp70,DNp70(CL305)_L,L,acetylcholine,0.93458092212677,2489,10985,Traced,10580.0,1,middle_gf,,,,
40841,LPLC2,LPLC2_L,L,acetylcholine,0.9587229490280151,242,1363,Traced,11498.0,1,sense_looming,111.55315461941748,-7.547895851383743,10.278495542554566,5.075826981039465
71352,JO-EV2,JO-EV2_L,L,acetylcholine,0.9747326970100403,164,287,Traced,,1,sense_hearing,,,,
10153,SAD051_b,SAD051_b_L,L,acetylcholine,0.9578713774681091,1093,1658,Traced,10153.0,1,middle_feedback,,,,
520792,WED104,WED104_L,L,gaba,0.8481925129890442,2376,7343,Traced,520792.0,-1,middle_feedback,,,,
35825,LC6,LC6_R,R,acetylcholine,0.9491892457008362,228,904,Traced,18842.0,1,sense_looming,25.483006773127897,26.986426576109437,10.269403453857445,4.033085134031682
10975,DNa03,DNa03_R,R,acetylcholine,0.959835410118103,2215,16796,Traced,10975.0,1,out_steer,,,,
27566,LPLC2,LPLC2_R,R,acetylcholine,0.956831157207489,271,1682,Traced,11498.0,1,sense_looming,119.75815182003669,-19.502501802264412,9.356849280765845,4.402593116572298
62868,JO-EV3,JO-EV3_L,L,acetylcholine,0.9101158380508423,345,254,Traced,,1,sense_hearing,,,,
17059,LPLC2,LPLC2_L,L,acetylcholine,0.9545057415962219,336,1843,Traced,11498.0,1,sense_looming,25.38543839388732,-16.361718520068614,10.124272697455922,6.594005849272641
519624,DNa03,DNa03_L,L,acetylcholine,0.9558636546134949,2367,18053,Traced,10975.0,1,out_steer,,,,
521463,CB3201,CB3201_L,L,acetylcholine,0.9591429233551025,311,721,Traced,,1,middle_feedback,,,,
554017,JO-CA1,JO-CA1_L,L,acetylcholine,0.8991342186927795,77,54,Traced,,1,sense_hearing,,,,
60207,LC10a,LC10a_L,L,acetylcholine,0.9568741917610168,163,590,Traced,10573.0,1,sense_pursuit,140.35438306843164,-10.63654743533391,10.716121862377902,4.330758771699053
37941,LC6,LC6_R,R,acetylcholine,0.9382187128067017,186,783,Traced,18842.0,1,sense_looming,67.02283779565765,-42.93718656843333,8.758046928078128,5.779608282537519
10109,VES041,VES041_L,L,gaba,0.8583959341049194,3984,20744,Traced,10109.0,-1,middle_feedback,,,,
24338,LC4,LC4_R,R,acetylcholine,0.9720495939254761,362,2783,Traced,12032.0,1,sense_looming,103.60359741160848,-0.02547537872388972,12.64859142597864,7.948458466871257
16931,SAD073,SAD073_R,R,gaba,0.8019707202911377,715,3044,Traced,11205.0,-1,middle_feedback,,,,
12130,LC10a,LC10a_L,L,acetylcholine,0.9569870829582214,328,1282,Traced,10573.0,1,sense_pursuit,22.824650632049263,18.15650005794636,5.916107619035922,4.138833356184459
929401,JO-ED2_b,JO-ED2_b_L,L,acetylcholine,0.9205384254455566,358,186,Traced,,1,sense_hearing,,,,
11252,PVLP017,PVLP017_L,L,gaba,0.8456646203994751,1675,12623,Traced,11252.0,-1,middle_feedback,,,,
13114,SAD064,SAD064_R,R,acetylcholine,0.9013185501098633,528,1619,Traced,13114.0,1,middle_gf,,,,
49513,JO-ED2_a,JO-ED2_a_L,L,acetylcholine,0.8996433615684509,284,141,Traced,,1,sense_hearing,,,,
139381,CB4163,CB4163_L,L,gaba,0.8238499760627747,326,862,Traced,,-1,middle_feedback,,,,
34051,LPLC2,LPLC2_L,L,acetylcholine,0.9625527858734131,239,1203,Traced,11498.0,1,sense_looming,128.78341547535064,-2.3731585351663895,8.152223268523628,5.947192203824198
21944,AMMC035,AMMC035_L,L,gaba,0.7693818211555481,277,508,Traced,16073.0,-1,middle_feedback,,,,
48198,LC10a,LC10a_L,L,acetylcholine,0.934980571269989,122,333,Traced,10573.0,1,sense_pursuit,34.52327280427387,-45.31984517802553,5.671632087165629,3.586532096623439
76637,CL323,CL323_R,R,acetylcholine,0.9622268080711365,388,2202,Traced,,1,middle_feedback,,,,
517372,LC6,LC6_L,L,acetylcholine,0.9485148191452026,185,623,Traced,18842.0,1,sense_looming,124.33344695088786,-33.04973518004536,11.686087832644887,3.6069977556386226
923453,JO-EV3,JO-EV3_R,R,acetylcholine,0.8082998394966125,99,54,Traced,,1,sense_hearing,,,,
10407,AVLP609,AVLP609_L,L,gaba,0.8275111317634583,1448,2317,Traced,10407.0,-1,middle_feedback,,,,
34756,LC10a,LC10a_R,R,acetylcholine,0.9409167170524597,201,554,Traced,10573.0,1,sense_pursuit,104.19660286605423,-54.834811858777734,8.08255706285474,2.742474886160971
121617,JO-B1_c,JO-B1_c_L,L,acetylcholine,0.9028552174568176,162,218,Traced,,1,sense_hearing,,,,
59586,LC6,LC6_L,L,acetylcholine,0.9457331299781799,201,479,Traced,18842.0,1,sense_looming,41.21704605776358,42.335856214335394,12.604095217223986,4.340562435104824
15225,WED072,WED072_L,L,acetylcholine,0.9680497646331787,726,3122,Traced,15225.0,1,middle_feedback,,,,
524899,LC4,LC4_L,L,acetylcholine,0.9698473811149597,397,2406,Traced,12032.0,1,sense_looming,21.853140413383016,38.21220623409431,11.60206127415928,7.0168169820254
22966,LC4,LC4_R,R,acetylcholine,0.9526944756507874,352,2599,Traced,12032.0,1,sense_looming,131.05396526906372,6.394768336108669,10.34896678615571,9.596338528598842
76746,CB1948,CB1948_L,L,gaba,0.8591642379760742,398,2185,Traced,18167.0,-1,middle_feedback,,,,
514480,CB1065,CB1065_L,L,gaba,0.8471835255622864,353,596,Traced,,-1,middle_feedback,,,,
322016,JO-CA1,JO-CA1_L,L,acetylcholine,0.9516207575798035,84,115,Traced,,1,sense_hearing,,,,
25136,LPLC2,LPLC2_L,L,acetylcholine,0.9632587432861328,254,1356,Traced,11498.0,1,sense_looming,142.7912124517845,0.7330130699651889,8.107732442222918,4.9843546341819165
12135,GNG100,GNG100_L,L,acetylcholine,0.9658011198043823,1521,5696,Traced,10920.0,1,middle_feedback,,,,
23868,LC10a,LC10a_R,R,acetylcholine,0.9551962018013,298,1016,Traced,10573.0,1,sense_pursuit,85.06394658018019,-38.07372630083371,6.550005532844791,3.9111788464936392
11208,IB018,IB018_L,L,acetylcholine,0.9413436055183411,2006,17777,Traced,11208.0,1,middle_feedback,,,,
944699,JO-CA2,JO-CA2_L,L,acetylcholine,0.9306809306144714,176,243,Traced,,1,sense_hearing,,,,
149913,JO-B4_b,JO-B4_b_L,L,acetylcholine,0.9747326970100403,111,106,Traced,,1,sense_hearing,,,,
30398,CL268,CL268_R,R,acetylcholine,0.9682124853134155,447,2169,Traced,23399.0,1,middle_feedback,,,,
20509,CB2316,CB2316_L,L,acetylcholine,0.950242817401886,554,2434,Traced,19572.0,1,middle_feedback,,,,
1031549774,JO-unclear,JO-unclear_L,L,acetylcholine,0.9409286975860596,86,40,Traced,,1,sense_hearing,,,,
25369,LC10a,LC10a_R,R,acetylcholine,0.9627878665924072,325,1362,Traced,10573.0,1,sense_pursuit,14.262688840771382,24.73921404807099,6.380009467105753,3.318299268773279
32782,LC6,LC6_R,R,acetylcholine,0.9521844387054443,258,1118,Traced,18842.0,1,sense_looming,75.07652472471864,-10.575411744537043,9.671312938147231,3.4644493263032965
11300,LT82b,LT82b_L,L,acetylcholine,0.947673499584198,1040,5562,Traced,11300.0,1,middle_feedback,,,,
12143,AN01A055,AN01A055_L,L,acetylcholine,0.9480969309806824,2550,5614,Traced,12143.0,1,middle_feedback,,,,
518731,LPLC2,LPLC2_L,L,acetylcholine,0.9570130705833435,438,2161,Traced,11498.0,1,sense_looming,37.06913178552378,46.90386596242351,9.981653328761697,4.804629908367021
80085,CL022_b,CL022_b_L,L,acetylcholine,0.9612228274345398,861,2767,Traced,13919.0,1,middle_feedback,,,,
22194,LC4,LC4_R,R,acetylcholine,0.9692904949188232,356,2564,Traced,12032.0,1,sense_looming,109.11150966313294,-11.877598546357973,14.618030820100385,5.959705486239096
19350,LC10a,LC10a_L,L,acetylcholine,0.9459476470947266,270,965,Traced,10573.0,1,sense_pursuit,81.84302239804894,32.476335538548994,6.870307967370686,3.5489447208998013
16568,WED207,WED207_L,L,gaba,0.7587832808494568,413,1259,Traced,11811.0,-1,middle_feedback,,,,
17478,LC4,LC4_L,L,acetylcholine,0.9728713631629944,521,3611,Traced,12032.0,1,sense_looming,-6.081672388408981,14.162709644195019,7.045402032330851,10.217574625942351
121558,AOTU018,AOTU018_L,L,acetylcholine,0.9369125366210938,231,884,Traced,83962.0,1,middle_feedback,,,,
20808,LC4,LC4_R,R,acetylcholine,0.9688852429389954,332,2621,Traced,12032.0,1,sense_looming,84.87926704028652,-2.478823271303952,14.331028940617927,5.965192528849017
11561,SAD112_a,SAD112_a_L,L,gaba,0.8460219502449036,1339,5236,Traced,10374.0,-1,middle_feedback,,,,
23002,LC10a,LC10a_R,R,acetylcholine,0.94893479347229,376,1593,Traced,10573.0,1,sense_pursuit,20.920176033112234,2.099580550208181,7.242943758628244,3.9141658058667517
16340,AOTU059,AOTU059_R,R,gaba,0.8184966444969177,362,1152,Traced,14368.0,-1,middle_feedback,,,,
10360,DNa02,DNa02_R,R,acetylcholine,0.9420250654220581,3086,24830,Traced,10360.0,1,out_steer,,,,
556303,CB1498,CB1498_L,L,acetylcholine,0.950022280216217,471,3254,Traced,,1,middle_feedback,,,,
42265,LC6,LC6_R,R,acetylcholine,0.9119493961334229,201,720,Traced,18842.0,1,sense_looming,99.92971373212167,22.558906519154036,10.940428240457178,3.6340227046144364
24268,LPLC2,LPLC2_R,R,acetylcholine,0.954882800579071,391,2213,Traced,11498.0,1,sense_looming,106.32477473970218,43.57048304345365,8.782308570450098,3.43223597569619
61545,LC10a,LC10a_L,L,acetylcholine,0.9376600980758667,157,417,Traced,10573.0,1,sense_pursuit,0.009791612669104666,28.560444525574496,12.167824856370341,10.042442187427604
515799,LAL029_e,LAL029_e_L,L,acetylcholine,0.9420052170753479,563,3125,Traced,15699.0,1,middle_feedback,,,,
32614,LC10a,LC10a_R,R,acetylcholine,0.9551771879196167,248,987,Traced,10573.0,1,sense_pursuit,-1.2480945077130698,-6.02249067341608,3.992648029283905,4.795109106477633
118359732,JO-CM,JO-CM_L,L,acetylcholine,0.796438992023468,136,45,Traced,,1,sense_hearing,,,,
10775,AN01A089,AN01A089_R,R,acetylcholine,0.9560564756393433,2859,8852,Traced,10775.0,1,middle_feedback,,,,
24523,LC4,LC4_L,L,acetylcholine,0.9674370884895325,399,2517,Traced,12032.0,1,sense_looming,50.66347790206282,-27.71721675074764,13.24400084028378,6.390933680844236
930760,JO-A2,JO-A2_L,L,acetylcholine,0.96007239818573,397,228,Traced,,1,sense_hearing,,,,
954303,JO-CL,JO-CL_R,R,acetylcholine,0.7891319394111633,68,50,Traced,,1,sense_hearing,,,,
518544,LC4,LC4_L,L,acetylcholine,0.9535777568817139,229,1548,Traced,12032.0,1,sense_looming,52.604235996416676,10.113195314833163,10.880743406249431,5.952637756888643
131817457,JO-EV3,JO-EV3_R,R,acetylcholine,0.786170244216919,252,147,Traced,,1,sense_hearing,,,,
14411,AOTU009,AOTU009_R,R,glutamate,0.7534455060958862,807,6355,Traced,14411.0,-1,middle_feedback,,,,
247028,JO-FV,JO-FV_L,L,acetylcholine,0.9747326970100403,105,92,Traced,,1,sense_hearing,,,,
122731,JO-EV3,JO-EV3_R,R,acetylcholine,0.8271381258964539,197,99,Traced,,1,sense_hearing,,,,
162166,JO-FV,JO-FV_L,L,acetylcholine,0.9353957176208496,123,122,Traced,,1,sense_hearing,,,,
14030,LPLC2,LPLC2_L,L,acetylcholine,0.9553313255310059,300,1461,Traced,11498.0,1,sense_looming,43.27169419262841,-33.578036747982935,11.20663303312467,4.907105854717753
10070,AOTU019,AOTU019_L,L,gaba,0.8259292244911194,2836,30714,Traced,10005.0,-1,middle_steer,,,,
82720,WED117,WED117_L,L,acetylcholine,0.9601441621780396,797,1788,Traced,20435.0,1,middle_feedback,,,,
17065,CB3513,CB3513_R,R,gaba,0.8516045808792114,832,3823,Traced,,-1,middle_feedback,,,,
97027,JO-B1_c,JO-B1_c_L,L,acetylcholine,0.9169304370880127,151,205,Traced,,1,sense_hearing,,,,
10636,AOTU005,AOTU005_L,L,acetylcholine,0.9521907567977905,818,5061,Traced,10636.0,1,middle_feedback,,,,
21769,LPLC2,LPLC2_R,R,acetylcholine,0.9479826092720032,399,3002,Traced,11498.0,1,sense_looming,75.47585775308069,-27.961941125769968,10.111450062662216,4.607216902849042
20471,LPLC2,LPLC2_R,R,acetylcholine,0.8695915341377258,471,2487,Traced,11498.0,1,sense_looming,71.87656176194442,50.404846561106666,10.638194234970028,4.378381438955183
523875,CB0397,CB0397_R,R,gaba,0.8727145195007324,670,3548,Traced,11790.0,-1,middle_feedback,,,,
522310,ANXXX027,ANXXX027_R,R,acetylcholine,0.9352620840072632,1598,18140,Traced,12868.0,1,middle_feedback,,,,
18739,CB1852,CB1852_L,L,acetylcholine,0.9680624604225159,874,3137,Traced,,1,middle_feedback,,,,
113345,JO-EV3,JO-EV3_L,L,acetylcholine,0.8925731778144836,342,234,Traced,,1,sense_hearing,,,,
28259,LC10a,LC10a_R,R,acetylcholine,0.9472159743309021,282,1234,Traced,10573.0,1,sense_pursuit,5.233150131608877,17.196492285274047,6.412247996591632,4.287414431854433
11250,AVLP501,AVLP501_R,R,acetylcholine,0.9650596380233765,2604,10817,Traced,10348.0,1,middle_feedback,,,,
16263,WED116,WED116_R,R,acetylcholine,0.9667131304740906,362,3370,Traced,10728.0,1,middle_feedback,,,,
12275,PVLP151,PVLP151_L,L,acetylcholine,0.8991029858589172,1436,9259,Traced,10173.0,1,middle_gf,,,,
45034,LC6,LC6_R,R,acetylcholine,0.9513674378395081,166,543,Traced,18842.0,1,sense_looming,63.1048679864264,-41.59497034232315,10.338842641724197,3.1334620648516496
19589,LPLC2,LPLC2_R,R,acetylcholine,0.95453280210495,384,2587,Traced,11498.0,1,sense_looming,5.136695709265734,2.2756085436730515,7.177819177793962,8.982322264229333
10868,LAL083,LAL083_R,R,glutamate,0.7331057786941528,1092,7766,Traced,10868.0,-1,middle_feedback,,,,
30025,LC10a,LC10a_L,L,acetylcholine,0.9662858843803406,230,664,Traced,10573.0,1,sense_pursuit,126.07182621802025,-32.88120164987993,5.967370552943445,3.6192587223262707
30512,LPLC2,LPLC2_L,L,acetylcholine,0.9707668423652649,245,1322,Traced,11498.0,1,sense_looming,142.972295016422,-7.433493780653031,9.253694418167097,5.977435827985269
10875,AOTU042,AOTU042_L,L,gaba,0.86182701587677,3663,10899,Traced,10212.0,-1,middle_feedback,,,,
27468,LC10a,LC10a_L,L,acetylcholine,0.9205116629600525,197,715,Traced,10573.0,1,sense_pursuit,140.72241610549784,1.8680600459273862,9.147871553939478,4.768101353299317
99043,LAL028,LAL028_L,L,acetylcholine,0.9611140489578247,428,2760,Traced,19554.0,1,middle_steer,,,,
25088,LC10a,LC10a_R,R,acetylcholine,0.9520236253738403,256,962,Traced,10573.0,1,sense_pursuit,56.56193070984418,-43.07577507182617,4.629503286214472,3.0194155405535446
15815,PVLP021,PVLP021_R,R,gaba,0.8707544207572937,790,3562,Traced,15815.0,-1,middle_feedback,,,,
23328,LC10a,LC10a_L,L,acetylcholine,0.9647632241249084,292,927,Traced,10573.0,1,sense_pursuit,84.49755199863598,-38.705775971160605,6.107331839115188,3.730012106713344
12242,SAD055,SAD055_R,R,acetylcholine,0.9592939615249634,1068,1616,Traced,12237.0,1,middle_feedback,,,,
19550,LC4,LC4_R,R,acetylcholine,0.9663551449775696,347,2957,Traced,12032.0,1,sense_looming,90.94852856657177,-44.649316086889684,12.708865267587166,5.980708871719984
11133,DNp70,DNp70(CL305)_R,R,acetylcholine,0.9351963996887207,2184,11695,Traced,10580.0,1,middle_gf,,,,
33048,LC10a,LC10a_R,R,acetylcholine,0.9448754191398621,260,1097,Traced,10573.0,1,sense_pursuit,64.63459955539139,43.17340165137236,8.559359796286897,3.9455907574812126
34655,LPLC2,LPLC2_L,L,acetylcholine,0.9397874474525452,250,1487,Traced,11498.0,1,sense_looming,108.36348050006391,25.405119941068065,7.058199859107061,5.627634659596658
34681,LPLC2,LPLC2_R,R,acetylcholine,0.9618350267410278,226,1474,Traced,11498.0,1,sense_looming,120.7440669628374,-1.872295737464718,9.753647467331716,4.615948314907094
10684,WED185,WED185(hb2126870445)_M,M,gaba,0.804222583770752,1972,6546,Traced,,-1,middle_feedback,,,,
82439,LC10a,LC10a_L,L,acetylcholine,0.8787123560905457,91,274,Traced,10573.0,1,sense_pursuit,-8.620737889099678,26.890400646353584,3.706123941632909,2.709718419902596
803449,IN00A048,IN00A048_M,M,gaba,0.85898357629776,374,1489,Traced,,-1,middle_feedback,,,,
195446,JO-B2,JO-B2_L,L,acetylcholine,0.9314036965370178,112,72,Traced,,1,sense_hearing,,,,
106954767,JO-FV,JO-FV_R,L,acetylcholine,0.9553444385528564,100,66,Traced,,1,sense_hearing,,,,
10850,AOTU016_c,AOTU016_c_R,R,acetylcholine,0.9511478543281555,453,3215,Traced,10850.0,1,middle_feedback,,,,
144457,JO-mz,JO-mz_L,L,acetylcholine,0.9283236861228943,230,115,Traced,,1,sense_hearing,,,,
28945,LC4,LC4_R,R,acetylcholine,0.9280273914337158,353,2432,Traced,12032.0,1,sense_looming,89.30094304626455,38.51071146761876,12.138868570989729,5.116527985701587
188780,JO-FD2,JO-FD2_L,L,acetylcholine,0.9569582343101501,109,106,Traced,,1,sense_hearing,,,,
17022,CB3692,CB3692_L,L,acetylcholine,0.945682942867279,568,1876,Traced,15352.0,1,middle_feedback,,,,
512121,CB1280,CB1280_R,R,acetylcholine,0.9624366760253906,789,1225,Traced,,1,middle_gf,,,,
526031,PVLP021,PVLP021_L,L,gaba,0.847310483455658,876,3514,Traced,15815.0,-1,middle_feedback,,,,
518439,LC4,LC4_L,L,acetylcholine,0.9576842188835144,455,2807,Traced,12032.0,1,sense_looming,95.70028543959337,47.03900447175839,16.98430958094948,7.773236473101561
126711,LC6,LC6_L,L,acetylcholine,0.9032283425331116,163,432,Traced,18842.0,1,sense_looming,91.98592209533557,21.163434298660334,9.084529775746534,3.7449758501499995
28160,CL001,CL001_L,L,glutamate,0.7992501854896545,2692,16659,Traced,10252.0,-1,middle_feedback,,,,
22989,LC10a,LC10a_R,R,acetylcholine,0.958837628364563,366,1404,Traced,10573.0,1,sense_pursuit,62.714659249778364,-23.917824613959297,6.7292109916074345,4.206328365060749
92035,JO-EV3,JO-EV3_L,L,acetylcholine,0.9448831081390381,227,189,Traced,,1,sense_hearing,,,,
516332,JO-DA,JO-DA_L,L,acetylcholine,0.8900744318962097,149,133,Traced,,1,sense_hearing,,,,
42619,JO-B1_a,JO-B1_a_L,L,acetylcholine,0.9242889881134033,173,184,Traced,,1,sense_hearing,,,,
69463,LC10a,LC10a_R,R,acetylcholine,0.9032216668128967,95,377,Traced,10573.0,1,sense_pursuit,36.86291644433862,-43.388556086102255,4.7369897651552355,2.7415780301148165
32597,LC4,LC4_L,L,acetylcholine,0.9583742022514343,356,2015,Traced,12032.0,1,sense_looming,87.54836344088895,45.91064272476244,11.91901734975004,4.737326894896759
11397,SAD013,SAD013_R,R,gaba,0.8595892786979675,1907,9214,Traced,,-1,middle_gf,,,,
23421,LC10a,LC10a_R,R,acetylcholine,0.9498395323753357,312,1408,Traced,10573.0,1,sense_pursuit,85.19427355618176,-6.337937202492434,8.966655548429557,3.5223215438275632
38881,LC6,LC6_R,R,acetylcholine,0.9552240371704102,199,745,Traced,18842.0,1,sense_looming,82.89887688232683,-35.15333984601155,10.908326674315486,4.129552950171587
10620,AN08B007,AN08B007_L,L,gaba,0.8738890886306763,2157,4973,Traced,10620.0,-1,middle_feedback,,,,
18010,SAD001,SAD001_L,L,acetylcholine,0.9264866709709167,402,1160,Traced,10743.0,1,middle_feedback,,,,
11720,CL322,CL322_L,L,acetylcholine,0.9643636345863342,1030,4925,Traced,11720.0,1,middle_feedback,,,,
19842,LPLC2,LPLC2_R,R,acetylcholine,0.9716479778289795,315,2015,Traced,11498.0,1,sense_looming,50.33365527399127,-40.80304188141123,11.167064587766806,4.973223641255984
519772,CL203,CL203_R,R,acetylcholine,0.9667781591415405,1219,2922,Traced,47726.0,1,middle_feedback,,,,
27010,CB0956,CB0956_L,L,acetylcholine,0.9295011758804321,579,1230,Traced,17357.0,1,middle_feedback,,,,
54638,LC10a,LC10a_R,R,acetylcholine,0.8725114464759827,133,612,Traced,10573.0,1,sense_pursuit,116.38579011541762,39.97433077028022,10.263414095093559,6.450142905916033
24482,LC10a,LC10a_R,R,acetylcholine,0.9286938905715942,337,1333,Traced,10573.0,1,sense_pursuit,15.316046274102348,-9.256583639441168,6.504698397180711,3.565842560144135
23599,LC10a,LC10a_L,L,acetylcholine,0.9587520360946655,304,1084,Traced,10573.0,1,sense_pursuit,36.98096621062356,-27.445629192857403,4.81107508103018,3.4177288968655244
80492,JO-EV1,JO-EV1_L,L,acetylcholine,0.9489529132843018,301,200,Traced,,1,sense_hearing,,,,
102413,AOTU059,AOTU059_L,L,gaba,0.8055600523948669,251,496,Traced,43873.0,-1,middle_feedback,,,,
11927,PVLP122,PVLP122_L,L,acetylcholine,0.9676638841629028,1510,9480,Traced,11927.0,1,middle_gf,,,,
28188,LPLC2,LPLC2_L,L,acetylcholine,0.9527599811553955,309,1619,Traced,11498.0,1,sense_looming,56.98072832057264,20.80478490118216,5.555811902802782,4.572236011932142
557990,LC10a,LC10a_L,L,acetylcholine,0.9415865540504456,293,934,Traced,10573.0,1,sense_pursuit,87.17331110020875,-32.97093506671038,6.447463786111102,3.845285398044311
68750,JO-ED2_b,JO-ED2_b_L,L,acetylcholine,0.9133142232894897,363,205,Traced,,1,sense_hearing,,,,
25400,LC10a,LC10a_R,R,acetylcholine,0.9318434596061707,294,1122,Traced,10573.0,1,sense_pursuit,83.99867740686648,-33.272338360109956,7.157143203181862,2.742705204520404
13830,LT52,LT52_R,R,glutamate,0.7724868655204773,1081,7997,Traced,11913.0,-1,middle_feedback,,,,
20269,LPLC2,LPLC2_R,R,acetylcholine,0.952946126461029,401,2674,Traced,11498.0,1,sense_looming,47.6956455919536,41.357252226902546,8.105416869529726,4.032907175733978
469098413,JO-A4,JO-A4_L,L,acetylcholine,0.7344564199447632,258,67,Traced,,1,sense_hearing,,,,
515900,LC4,LC4_L,L,acetylcholine,0.9694046378135681,546,3595,Traced,12032.0,1,sense_looming,56.82785970798673,-47.45131540874097,19.110715423308807,5.974988412457718
26373,LC10a,LC10a_R,R,acetylcholine,0.950534462928772,281,973,Traced,10573.0,1,sense_pursuit,128.40956817449566,-26.677444197887773,9.444116296671673,3.7433987646822215
10315,SAD073,SAD073_R,R,gaba,0.8526228070259094,839,3241,Traced,10315.0,-1,middle_feedback,,,,
38065,LC4,LC4_R,R,acetylcholine,0.9571178555488586,275,1893,Traced,12032.0,1,sense_looming,104.13158496192632,27.924275343630953,10.78385514643515,6.659945328936067
21026,CB2371,CB2371_L,L,acetylcholine,0.9692448377609253,529,2172,Traced,21026.0,1,middle_feedback,,,,
552568,JO-CM,JO-CM_L,L,acetylcholine,0.92933589220047,278,90,Traced,,1,sense_hearing,,,,
46034,LC10a,LC10a_R,R,acetylcholine,0.8963060975074768,161,614,Traced,10573.0,1,sense_pursuit,115.86570535332302,23.14560354807473,9.28991984690067,3.879190443001916
10728,WED116,WED116_L,L,acetylcholine,0.8278126120567322,416,8467,Traced,10728.0,1,middle_gf,,,,
179637,JO-FV,JO-FV_L,L,acetylcholine,0.9590766429901123,124,100,Traced,,1,sense_hearing,,,,
10584,DNp06,DNp06_R,R,acetylcholine,0.9496455192565918,2823,20242,Traced,10228.0,1,out_escape,,,,
17860,LC4,LC4_R,R,acetylcholine,0.9607147574424744,415,2928,Traced,12032.0,1,sense_looming,45.30356087372535,46.52046751921671,12.147396166871411,5.956272967198246
24545,LC10a,LC10a_R,R,acetylcholine,0.9267817735671997,324,1146,Traced,10573.0,1,sense_pursuit,119.37884765410283,-34.745447150474995,7.944004922670194,3.799769030672163
19659,LC10a,LC10a_L,L,acetylcholine,0.9448246359825134,227,701,Traced,10573.0,1,sense_pursuit,48.29515274485548,46.254571518698256,8.636227045276263,3.3931797486076833
11943,LT52,LT52_L,L,glutamate,0.790611207485199,1136,7242,Traced,11913.0,-1,middle_feedback,,,,
521190,DNae007,DNae007(VES009)_L,L,acetylcholine,0.9504536986351013,1958,9949,Traced,11610.0,1,middle_feedback,,,,
170014,JO-FV,JO-FV_L,L,acetylcholine,0.9177584052085876,221,123,Traced,,1,sense_hearing,,,,
514764,PVLP141,PVLP141_R,R,acetylcholine,0.9472825527191162,1415,8325,Traced,10373.0,1,middle_feedback,,,,
20967,LC4,LC4_L,L,acetylcholine,0.9694480299949646,367,2495,Traced,12032.0,1,sense_looming,27.338832379174235,-21.543072593065645,10.84129680707561,7.120518237161028
10778,CL286,CL286_L,L,acetylcholine,0.9557358622550964,2551,7249,Traced,,1,middle_feedback,,,,
12972,GNG301,GNG301_L,L,gaba,0.8733659982681274,2006,5420,Traced,10970.0,-1,middle_feedback,,,,
76174,LC10a,LC10a_R,R,acetylcholine,0.8988080620765686,115,433,Traced,10573.0,1,sense_pursuit,-3.6535257420455114,25.530647639334077,8.409848472801619,7.295225802585707
934617,JO-ED2_a,JO-ED2_a_R,R,acetylcholine,0.5185005068778992,166,116,Traced,,1,sense_hearing,,,,
31801,LC10a,LC10a_L,L,acetylcholine,0.9504662156105042,320,954,Traced,10573.0,1,sense_pursuit,6.087259632260782,4.5538413808592395,4.136024180738849,3.993789675561494
82361,JO-B1_a,JO-B1_a_L,L,acetylcholine,0.904244601726532,179,244,Traced,,1,sense_hearing,,,,
23446,CB3201,CB3201_L,L,acetylcholine,0.9551381468772888,396,1446,Traced,,1,middle_feedback,,,,
29598,LPLC2,LPLC2_R,R,acetylcholine,0.9615857601165771,295,1932,Traced,11498.0,1,sense_looming,154.8990565787489,-8.123517039858946,8.029707072961179,5.883634401961548
19034,LPLC2,LPLC2_R,R,acetylcholine,0.955702543258667,408,3247,Traced,11498.0,1,sense_looming,29.612747229035307,7.841798909734081,7.312270219209383,6.02481518713204
928855,JO-A2,JO-A2_L,L,acetylcholine,0.8633095622062683,235,168,Traced,,1,sense_hearing,,,,
13084,PS232,PS232_L,L,acetylcholine,0.946640133857727,1244,4284,Traced,12830.0,1,middle_feedback,,,,
21426,LC10a,LC10a_R,R,acetylcholine,0.9501989483833313,356,1548,Traced,10573.0,1,sense_pursuit,96.3109462936552,-22.34617195127918,8.240179093860094,4.489316936124794
49085,LC6,LC6_L,L,acetylcholine,0.9429406523704529,183,554,Traced,18842.0,1,sense_looming,74.43697104642318,-47.633934156059496,10.748252051345721,3.2443249792607647
18146,AOTU026,AOTU026_R,R,acetylcholine,0.9601782560348511,933,5281,Traced,18146.0,1,middle_feedback,,,,
512673,CL256,CL256_L,L,acetylcholine,0.9425219893455505,1594,5251,Traced,12984.0,1,middle_feedback,,,,
532627,JO-EV3,JO-EV3_L,L,acetylcholine,0.8750308752059937,389,189,Traced,,1,sense_hearing,,,,
491190,JO-A2,JO-A2_L,L,acetylcholine,0.8110347986221313,83,38,Traced,,1,sense_hearing,,,,
527699,SAD064,SAD064_R,R,acetylcholine,0.9361320734024048,402,1808,Traced,17375.0,1,middle_gf,,,,
519389,AVLP452,AVLP452_L,L,acetylcholine,0.9067227840423584,371,3333,Traced,85544.0,1,middle_gf,,,,
28390,LC10a,LC10a_R,R,acetylcholine,0.9345646500587463,290,1296,Traced,10573.0,1,sense_pursuit,47.55816795096942,36.67732554684257,7.640642229379865,3.8385583919472905
137431,JO-mz,JO-mz_L,L,acetylcholine,0.8607217669487,298,170,Traced,,1,sense_hearing,,,,
33137,LC4,LC4_L,L,acetylcholine,0.9628229737281799,326,1947,Traced,12032.0,1,sense_looming,91.55212827087072,-36.50941566648146,13.365868013478307,4.79920187918693
87778,JO-CL,JO-CL_L,L,acetylcholine,0.9374209642410278,130,120,Traced,,1,sense_hearing,,,,
15699,LAL029_e,LAL029_e_R,R,acetylcholine,0.9474312663078308,604,3667,Traced,15699.0,1,middle_feedback,,,,
35889,LPLC2,LPLC2_R,R,acetylcholine,0.9543256759643555,333,2869,Traced,11498.0,1,sense_looming,84.1216640556459,27.73085719796036,8.631891957267145,4.838641433031349
139925399,JO-EV2,JO-EV2_L,L,acetylcholine,0.7186594009399414,254,150,Traced,,1,sense_hearing,,,,
525482,LC10a,LC10a_L,L,acetylcholine,0.9534154534339905,319,1084,Traced,10573.0,1,sense_pursuit,48.95641267151639,-4.792165273425219,8.160595014439663,3.344524322057607
11782,SAD106,SAD106_L,L,acetylcholine,0.9661361575126648,1691,4799,Traced,11782.0,1,middle_feedback,,,,
957696,JO-B1_a,JO-B1_a_L,L,acetylcholine,0.912773609161377,94,215,Traced,,1,sense_hearing,,,,
23830,LC10a,LC10a_R,R,acetylcholine,0.9593132138252258,315,1274,Traced,10573.0,1,sense_pursuit,103.65154186530857,-29.616352369235994,7.332432341427256,3.442844637817863
13697,LC10a,LC10a_L,L,acetylcholine,0.937322199344635,337,1039,Traced,10573.0,1,sense_pursuit,67.821672996886,-35.370108551564456,5.876222150350489,3.673453885720267
14529,CB4176,CB4176_L,L,gaba,0.8511983752250671,776,1758,Traced,14529.0,-1,middle_feedback,,,,
168985,JO-unclear,JO-unclear_L,L,acetylcholine,0.8857954144477844,120,160,Traced,,1,sense_hearing,,,,
11187,LoVP54,LoVP54_L,L,acetylcholine,0.9676187634468079,2043,6169,Traced,,1,middle_feedback,,,,
903327,PSI,PSI_R,R,unclear,0.35435745120048523,677,5864,Traced,802401.0,0,out_escape,,,,
35632,LPLC2,LPLC2_R,R,acetylcholine,0.9634652137756348,258,1795,Traced,11498.0,1,sense_looming,160.4639300472334,-24.534564659140536,6.358582730357444,5.18004024449447
14888,LC4,LC4_L,L,acetylcholine,0.9609048366546631,421,2840,Traced,12032.0,1,sense_looming,38.15959388394646,-36.37762382000861,15.510442137718513,6.470947919219473
929247,JO-ED2_b,JO-ED2_b_R,R,acetylcholine,0.7915810346603394,196,96,Traced,,1,sense_hearing,,,,
520449,LC4,LC4_L,L,acetylcholine,0.9610306024551392,354,2341,Traced,12032.0,1,sense_looming,64.20513696013356,-41.12565739731243,13.641287769531669,6.116238127416063
33303,LPLC2,LPLC2_L,L,acetylcholine,0.939176619052887,355,2120,Traced,11498.0,1,sense_looming,87.28458686806367,42.01817998448942,7.899980253177017,3.579712788550895
29702,LPLC2,LPLC2_L,L,acetylcholine,0.9672635197639465,390,2008,Traced,11498.0,1,sense_looming,88.08900050860485,49.963737412675215,10.108040900609062,3.9580158295938443
10920,GNG100,GNG100_R,R,acetylcholine,0.9670660495758057,1517,5424,Traced,10920.0,1,middle_feedback,,,,
17653,LC4,LC4_L,L,acetylcholine,0.9747326970100403,512,3475,Traced,12032.0,1,sense_looming,10.963109859060022,-23.28944902584273,11.927598751361737,8.914616667310261
531425,GNG506,GNG506_L,L,gaba,0.8591436743736267,2612,4662,Traced,10949.0,-1,middle_feedback,,,,
84104,LC10a,LC10a_R,R,acetylcholine,0.8343992233276367,83,274,Traced,10573.0,1,sense_pursuit,-7.902788103183088,-7.574690881978846,4.532208438908819,5.777224010304363
26976,LC10a,LC10a_R,R,acetylcholine,0.9572171568870544,277,729,Traced,10573.0,1,sense_pursuit,133.3307190039898,-43.87228355782962,9.741132364120357,3.944191656789513
10192,DNg75,DNg75(hb1874217622)_L,L,acetylcholine,0.9595944285392761,3271,19276,Traced,10192.0,1,middle_feedback,,,,
20976,LC4,LC4_L,L,acetylcholine,0.9683753848075867,305,2128,Traced,12032.0,1,sense_looming,28.07931711706008,6.574483018771929,10.205948786154213,5.710002889081884
24800,LPLC2,LPLC2_R,R,acetylcholine,0.9622946381568909,312,2237,Traced,11498.0,1,sense_looming,41.57598383138842,3.3335102002794343,7.65525218917462,6.204167229444585
38847,LAL046,LAL046_L,L,gaba,0.8219624757766724,1467,4114,Traced,14259.0,-1,middle_feedback,,,,
18518,LC10a,LC10a_L,L,acetylcholine,0.9634360671043396,258,703,Traced,10573.0,1,sense_pursuit,72.51433576948087,-47.503903365247325,5.481057940460474,3.478331021212125
11154,WED189,WED189_M,M,gaba,0.8595747947692871,1021,4510,Traced,,-1,middle_feedback,,,,
519141,SMP148,SMP148_L,L,gaba,0.7821228504180908,664,5640,Traced,14608.0,-1,middle_feedback,,,,
26788,LC10a,LC10a_R,R,acetylcholine,0.9576433897018433,284,818,Traced,10573.0,1,sense_pursuit,144.26771729425542,-39.15529637638305,7.5810021081435615,3.4033956161984746
23665,LPLC2,LPLC2_L,L,acetylcholine,0.9682829976081848,301,1798,Traced,11498.0,1,sense_looming,93.70680999579571,-2.4427648168695058,8.987030704144436,4.627395428916712
14259,LAL046,LAL046_R,R,gaba,0.8243452906608582,1518,4587,Traced,14259.0,-1,middle_feedback,,,,
17837,SMP148,SMP148_L,L,gaba,0.8310384750366211,755,6332,Traced,14608.0,-1,middle_feedback,,,,
18340,WED125,WED125_L,L,acetylcholine,0.9373406767845154,493,1947,Traced,,1,middle_feedback,,,,
12156,CB3019,CB3019_L,L,acetylcholine,0.9406846165657043,541,3524,Traced,12156.0,1,middle_feedback,,,,
73715,LC10a,LC10a_L,L,acetylcholine,0.9441923499107361,127,510,Traced,10573.0,1,sense_pursuit,129.7641436727248,14.977203391947725,9.859461038726929,7.413811535419685
12798,AVLP210,AVLP210_R,R,acetylcholine,0.9486024379730225,1856,9100,Traced,10667.0,1,middle_feedback,,,,
520117,GNG562,GNG562_L,L,gaba,0.843262255191803,1190,5592,Traced,12086.0,-1,middle_feedback,,,,
10251,MeVP53,MeVP53_L,L,gaba,0.8682032823562622,1837,4191,Traced,10251.0,-1,middle_feedback,,,,
21899,LPLC2,LPLC2_R,R,acetylcholine,0.9602425694465637,335,2264,Traced,11498.0,1,sense_looming,49.29055146761647,-23.73766492629951,10.023202420401377,5.489002082653169
18173,CB1948,CB1948_R,R,gaba,0.8518155813217163,317,1938,Traced,18167.0,-1,middle_feedback,,,,
25198,LC10a,LC10a_R,R,acetylcholine,0.9461917281150818,306,1029,Traced,10573.0,1,sense_pursuit,97.6346236306812,-39.523173390663594,6.655518839555238,4.463584837046109
45300,LC10a,LC10a_R,R,acetylcholine,0.9176508188247681,153,475,Traced,10573.0,1,sense_pursuit,51.56048978790764,-48.503503601188996,5.447307224157559,4.232263323651945
36978,LC6,LC6_L,L,acetylcholine,0.9500470757484436,236,647,Traced,18842.0,1,sense_looming,0.6102940463697575,0.6671535198755763,8.088986238462992,4.510585449724363
260581,JO-EV1,JO-EV1_L,L,acetylcholine,0.9208829998970032,234,183,Traced,,1,sense_hearing,,,,
517234,AVLP175,AVLP175_R,R,acetylcholine,0.8751018047332764,467,3737,Traced,17066.0,1,middle_feedback,,,,
38542,LPLC2,LPLC2_R,R,acetylcholine,0.9699183106422424,201,1092,Traced,11498.0,1,sense_looming,135.71629723142493,-2.0622515099633176,8.550244392221918,4.399771307267044
11191,AVLP340,AVLP340_L,L,acetylcholine,0.9642890691757202,1392,5473,Traced,11191.0,1,middle_feedback,,,,
20694,LPLC2,LPLC2_R,R,acetylcholine,0.9629909992218018,331,2149,Traced,11498.0,1,sense_looming,28.232041360521478,-16.28745073608156,9.364589960803514,5.99490122750187
28279,LC6,LC6_L,L,acetylcholine,0.9540598392486572,282,1136,Traced,18842.0,1,sense_looming,34.092369256046304,-10.154720981757777,12.433188765981761,4.5865032520821325
20143,CB4102,CB4102_L,L,acetylcholine,0.9702073931694031,429,2431,Traced,,1,middle_feedback,,,,
512705,LC4,LC4_L,L,acetylcholine,0.9684306979179382,308,2073,Traced,12032.0,1,sense_looming,61.24428878721285,-3.52140519091283,8.703465814459252,6.550713515755
803986,IN00A050,IN00A050_M,M,gaba,0.8463595509529114,437,1576,Traced,800690.0,-1,middle_feedback,,,,
265416,JO-EV1,JO-EV1_L,L,acetylcholine,0.8791704773902893,254,177,Traced,,1,sense_hearing,,,,
24687,PVLP131,PVLP131_R,R,acetylcholine,0.9722009301185608,766,2467,Traced,,1,middle_feedback,,,,
16930,CB3513,CB3513_R,R,gaba,0.8211314678192139,560,3732,Traced,15994.0,-1,middle_gf,,,,
10609,PVLP120,PVLP120(hb1599285725)_L,L,acetylcholine,0.9637588262557983,2212,16694,Traced,10609.0,1,middle_feedback,,,,
514508,LC4,LC4_L,L,acetylcholine,0.9690175652503967,339,2084,Traced,12032.0,1,sense_looming,68.64640822362453,45.988704774956176,10.717692020205055,5.143693788799207
555383,PVLP076,PVLP076_L,L,acetylcholine,0.9301798343658447,2482,10983,Traced,,1,middle_feedback,,,,
531712,JO-EV3,JO-EV3_L,L,acetylcholine,0.9316392540931702,360,225,Traced,,1,sense_hearing,,,,
20750,CB3024,CB3024_R,R,gaba,0.8547865152359009,303,1464,Traced,,-1,middle_feedback,,,,
24742,LC10a,LC10a_L,L,acetylcholine,0.955706000328064,357,1117,Traced,10573.0,1,sense_pursuit,52.47971652464406,-16.341096336588194,7.149218474385541,3.4392495120814037
426515,JO-EV1,JO-EV1_L,L,acetylcholine,0.9135922193527222,127,98,Traced,,1,sense_hearing,,,,
42379,LC10a,LC10a_L,L,acetylcholine,0.9350688457489014,220,616,Traced,10573.0,1,sense_pursuit,119.84765941555554,-47.47907004134068,8.330836418802917,3.026521112007981
530462,JO-ED2_b,JO-ED2_b_R,R,acetylcholine,0.7992549538612366,177,75,Traced,,1,sense_hearing,,,,
29417,LC4,LC4_L,L,acetylcholine,0.950827956199646,325,1890,Traced,12032.0,1,sense_looming,108.24349112736068,11.034104598969293,11.47210016033993,6.486059710021706
112105,JO-B3,JO-B3_L,L,acetylcholine,0.9531728625297546,180,241,Traced,,1,sense_hearing,,,,
23792,LC4,LC4_R,R,acetylcholine,0.9634045958518982,342,2579,Traced,12032.0,1,sense_looming,71.26959516084679,30.92130086994429,13.397133568204845,6.279773135672518
18478,LC4,LC4_L,L,acetylcholine,0.9646737575531006,482,3217,Traced,12032.0,1,sense_looming,11.064244872390336,37.01232095022142,12.420279522005002,9.048203912568777
518016,LC4,LC4_L,L,acetylcholine,0.9682247042655945,298,1974,Traced,12032.0,1,sense_looming,71.83792438669619,-11.441037986868437,12.90852720931358,5.632222463613461
214463,JO-unclear,JO-unclear_L,L,acetylcholine,0.9543755054473877,143,131,Traced,,1,sense_hearing,,,,
44856,LC10a,LC10a_R,R,acetylcholine,0.9144353270530701,161,649,Traced,10573.0,1,sense_pursuit,120.90875902438876,11.031730865616794,8.87595432466322,5.5365027315238455
21632,LC10a,LC10a_R,R,acetylcholine,0.9646543264389038,385,1737,Traced,10573.0,1,sense_pursuit,64.86654497185157,-18.514109389868608,7.996726940543565,3.848255804719685
13825,AVLP429,AVLP429_R,R,acetylcholine,0.9636150598526001,1308,3621,Traced,11599.0,1,middle_feedback,,,,
34931,LC6,LC6_R,R,acetylcholine,0.957460880279541,225,778,Traced,18842.0,1,sense_looming,10.6236552828674,-7.815258244589316,9.328338340805098,4.332622191223789
28204,LC10a,LC10a_R,R,acetylcholine,0.9666436910629272,240,899,Traced,10573.0,1,sense_pursuit,112.54553869281428,-37.37899225308993,6.138723359015579,3.42695960520283
513842,CB4118,CB4118_L,L,gaba,0.8368713855743408,398,2340,Traced,17815.0,-1,middle_feedback,,,,
32259,LC6,LC6_R,R,acetylcholine,0.9518877267837524,255,1150,Traced,18842.0,1,sense_looming,41.76431410766017,15.494909722787327,10.095740347291633,3.6973262719564857
38727,JO-EV3,JO-EV3_L,L,acetylcholine,0.9463734030723572,342,230,Traced,,1,sense_hearing,,,,
27355,LPLC2,LPLC2_L,L,acetylcholine,0.9562934637069702,368,1766,Traced,11498.0,1,sense_looming,120.95362115741437,37.63617354499833,11.842970181268573,4.456170064633885
34570,LC6,LC6_L,L,acetylcholine,0.9569517970085144,273,836,Traced,18842.0,1,sense_looming,46.200790332769664,-22.309627402240615,12.832046768427356,4.046376576293884
19454,PVLP024,PVLP024_R,R,gaba,0.8655004501342773,431,3418,Traced,,-1,middle_feedback,,,,
515800,LAL029_c,LAL029_c_L,L,acetylcholine,0.9635323286056519,433,2552,Traced,18825.0,1,middle_feedback,,,,
18917,LC10a,LC10a_L,L,acetylcholine,0.9581491947174072,292,878,Traced,10573.0,1,sense_pursuit,53.18710181350251,-31.942684201516496,5.574094590667235,3.524015537229351
15424,PVLP031,PVLP031_R,R,gaba,0.7456528544425964,556,2935,Traced,10386.0,-1,middle_feedback,,,,
30895,LPLC2,LPLC2_L,L,acetylcholine,0.957485020160675,225,1245,Traced,11498.0,1,sense_looming,131.04276741017796,-11.20596547322998,8.610321689059894,5.35748416292139
27023,LPLC2,LPLC2_L,L,acetylcholine,0.9525316953659058,306,1488,Traced,11498.0,1,sense_looming,99.00635366217529,-12.5245714373441,11.563180365459978,5.746116094634785
10106,DNp11,DNp11_R,R,acetylcholine,0.9111542701721191,3498,11406,Traced,10106.0,1,out_escape,,,,
495313,JO-EV1,JO-EV1_L,L,acetylcholine,0.8800241947174072,205,169,Traced,,1,sense_hearing,,,,
101279,JO-EV5,JO-EV5_L,L,acetylcholine,0.9177401661872864,306,239,Traced,,1,sense_hearing,,,,
25202,LC10a,LC10a_R,R,acetylcholine,0.9457945823669434,369,1606,Traced,10573.0,1,sense_pursuit,36.5865854577673,22.267184475195094,7.883451235443338,4.20600778330469
21641,,,R,acetylcholine,0.9594831466674805,382,1850,Traced,,1,middle_feedback,,,,
31941,LC10a,LC10a_R,R,acetylcholine,0.9294754862785339,236,812,Traced,10573.0,1,sense_pursuit,118.21186639331123,-1.802370803250902,8.785293082581632,4.0699662885947046
22392,LC10a,LC10a_L,L,acetylcholine,0.9632514119148254,338,1317,Traced,10573.0,1,sense_pursuit,13.444977650833945,-14.264504173604124,4.440624720762371,3.9968360734876898
23154,LC10a,LC10a_R,R,acetylcholine,0.9584152698516846,357,1489,Traced,10573.0,1,sense_pursuit,50.171162409306234,1.7646507829768368,8.005962121275514,3.206923737741843
46842,LC6,LC6_R,R,acetylcholine,0.9004034996032715,196,845,Traced,18842.0,1,sense_looming,45.89145547532677,27.547516898491978,11.51949503198373,3.539200996007778
22922,LC4,LC4_L,L,acetylcholine,0.9719277620315552,345,2202,Traced,12032.0,1,sense_looming,26.049512371416064,18.763409159303194,9.372955301532906,6.651970517551071
34538,LC6,LC6_L,L,acetylcholine,0.9294301271438599,257,634,Traced,18842.0,1,sense_looming,128.7760509891514,-43.50403560225861,12.040029700093237,3.4825367389138506
565848,JO-FV,JO-FV_R,R,acetylcholine,0.905612051486969,42,24,Traced,,1,sense_hearing,,,,
27139,JO-ED2_a,JO-ED2_a_R,R,acetylcholine,0.8648439049720764,212,99,Traced,,1,sense_hearing,,,,
513795,CB2660,CB2660_R,R,acetylcholine,0.9305441379547119,395,2967,Traced,,1,middle_feedback,,,,
13472,SAD053,SAD053_L,L,acetylcholine,0.9437932372093201,1223,5049,Traced,12129.0,1,middle_gf,,,,
24784,LC10a,LC10a_R,R,acetylcholine,0.9595762491226196,320,1323,Traced,10573.0,1,sense_pursuit,12.004273188673967,0.58904915069742,6.34078748792102,4.609321514635158
15150,LT52,LT52_R,R,glutamate,0.7596746683120728,854,5833,Traced,11913.0,-1,middle_feedback,,,,
18127,LC4,LC4_R,R,acetylcholine,0.9676432609558105,410,2977,Traced,12032.0,1,sense_looming,19.811786854754367,-5.112445216320303,9.473350972785953,9.887025340164191
934247,JO-A1,JO-A1_R,R,acetylcholine,0.8764471411705017,168,27,Traced,,1,sense_hearing,,,,
13132,LPLC2,LPLC2_L,L,acetylcholine,0.9622623324394226,311,1663,Traced,11498.0,1,sense_looming,66.44590185417755,-44.55333051991391,10.427318857780053,4.3354191641682265
21313,LC4,LC4_R,R,acetylcholine,0.9605259895324707,341,2550,Traced,12032.0,1,sense_looming,61.63621497202544,-13.122136887075946,12.481921492828462,6.839520686664859
24605,LPLC2,LPLC2_L,L,acetylcholine,0.9615981578826904,295,1729,Traced,11498.0,1,sense_looming,70.09081950534781,-32.58642041896353,9.542763980073376,4.347932928875238
29183,LPLC2,LPLC2_R,R,acetylcholine,0.9637344479560852,265,1608,Traced,11498.0,1,sense_looming,117.43099267016126,-27.845674607787657,7.943680914713313,3.5898235580022138
31301,LC4,LC4_L,L,acetylcholine,0.9688196778297424,328,2004,Traced,12032.0,1,sense_looming,108.84126624130266,-11.537224117534528,10.940223809371705,6.218105556308768
22831,LC10a,LC10a_R,R,acetylcholine,0.9384884834289551,348,1179,Traced,10573.0,1,sense_pursuit,56.16960226006813,-28.980828312711907,6.161481261014501,4.608961041133247
95144,JO-EV3,JO-EV3_L,L,acetylcholine,0.9267310500144958,303,280,Traced,,1,sense_hearing,,,,
74052,WED117,WED117_L,L,acetylcholine,0.9669206738471985,497,1174,Traced,13261.0,1,middle_feedback,,,,
10287,AVLP606,AVLP606(hb1822659562)_M,M,gaba,0.8345474004745483,639,4177,Traced,,-1,middle_feedback,,,,
31429,LC4,LC4_L,L,acetylcholine,0.9629144072532654,328,1952,Traced,12032.0,1,sense_looming,107.41042728829638,-21.735024858249773,13.248435132275656,5.447153271558788
531983,AVLP452,AVLP452_R,R,acetylcholine,0.9403332471847534,423,3614,Traced,531899.0,1,middle_gf,,,,
37896,LC10a,LC10a_L,L,acetylcholine,0.9392409920692444,301,974,Traced,10573.0,1,sense_pursuit,66.3255119831623,35.48968188376216,7.390281670475769,4.303131859849623
14110,GNG342,GNG342_L,M,gaba,0.8811220526695251,744,2317,Traced,14110.0,-1,middle_feedback,,,,
63441,EA06B010,EA06B010_L,L,glutamate,0.7587788105010986,2660,4164,Traced,63441.0,-1,middle_feedback,,,,
13111,AVLP169,AVLP169_R,R,acetylcholine,0.9250713586807251,1425,4417,Traced,13111.0,1,middle_feedback,,,,
43865,LC10a,LC10a_L,L,acetylcholine,0.933149516582489,210,743,Traced,10573.0,1,sense_pursuit,137.91632718873183,-29.90212517001897,6.909058682186972,2.8397082304512447
10731,SAD107,SAD107_L,L,gaba,0.8647098541259766,1159,3452,Traced,10570.0,-1,middle_gf,,,,
16917,LC4,LC4_L,L,acetylcholine,0.9296315312385559,323,2105,Traced,12032.0,1,sense_looming,89.09224844149792,22.782441548625272,13.906606668836174,4.33377109798633
14608,SMP148,SMP148_R,R,gaba,0.7387044429779053,688,6044,Traced,14608.0,-1,middle_feedback,,,,
559386,JO-B1_c,JO-B1_c_L,L,acetylcholine,0.9000764489173889,195,323,Traced,,1,sense_hearing,,,,
14459,LT52,LT52_R,R,glutamate,0.7130523324012756,871,4659,Traced,11913.0,-1,middle_feedback,,,,
581131,PS306,PS306_L,L,gaba,0.8480439186096191,2022,10874,Traced,10333.0,-1,middle_feedback,,,,
10184,CL366,CL366_L,L,gaba,0.8366736173629761,5534,13482,Traced,10184.0,-1,middle_feedback,,,,
30993,LC10a,LC10a_R,R,acetylcholine,0.9655001759529114,210,740,Traced,10573.0,1,sense_pursuit,47.97465387529396,-43.03436457003597,4.315724519434067,3.6324860768563756
10283,DNp103,DNp103(PVLP119)_R,R,acetylcholine,0.9568302631378174,2927,29105,Traced,10283.0,1,middle_gf,,,,
524375,CB1108,CB1108_L,L,acetylcholine,0.8998624682426453,544,3347,Traced,521758.0,1,middle_feedback,,,,
12868,ANXXX027,ANXXX027_L,L,acetylcholine,0.9557269215583801,1532,19438,Traced,12868.0,1,middle_feedback,,,,
56376,LC10a,LC10a_L,L,acetylcholine,0.9573851823806763,168,552,Traced,10573.0,1,sense_pursuit,143.34198815462875,-19.98372125036284,11.043512415784718,3.6995425862770444
11018,AVLP258,AVLP258_L,L,acetylcholine,0.964997410774231,2292,7136,Traced,,1,middle_feedback,,,,
11177,DNp09,DNp09_R,R,acetylcholine,0.9573174715042114,2230,7300,Traced,10783.0,1,out_steer,,,,
478230,JO-B1_c,JO-B1_c_L,L,acetylcholine,0.735161542892456,77,79,Traced,,1,sense_hearing,,,,
97025,JO-EV2,JO-EV2_L,L,acetylcholine,0.9419738054275513,296,286,Traced,,1,sense_hearing,,,,
38017,LC6,LC6_R,R,acetylcholine,0.9432471394538879,216,843,Traced,18842.0,1,sense_looming,64.13647024667344,-3.7002405318424536,9.484388825687232,4.312731448114009
117756,JO-B1_c,JO-B1_c_L,L,acetylcholine,0.9573817849159241,112,182,Traced,,1,sense_hearing,,,,
27750,LC4,LC4_L,L,acetylcholine,0.9215149283409119,365,2096,Traced,12032.0,1,sense_looming,119.85173618342546,-0.8098192915214923,11.3605943916244,6.660559227808279
205974,JO-B1_b,JO-B1_b_L,L,acetylcholine,0.9614487290382385,73,129,Traced,,1,sense_hearing,,,,
520488,AVLP202,AVLP202_L,L,gaba,0.7765079736709595,352,3515,Traced,,-1,middle_feedback,,,,
44469,LC6,LC6_L,L,acetylcholine,0.9494956731796265,231,629,Traced,18842.0,1,sense_looming,27.492769283159205,-22.781439322883067,10.658673293359742,3.62569411854819
520664,CB1074,CB1074_L,L,acetylcholine,0.9704277515411377,677,3417,Traced,15622.0,1,middle_feedback,,,,
10244,DNp55,DNp55(WED180)_L,L,acetylcholine,0.9030786156654358,2549,9125,Traced,10244.0,1,middle_feedback,,,,
34110,LPLC2,LPLC2_R,R,acetylcholine,0.9620059132575989,229,1726,Traced,11498.0,1,sense_looming,114.80273825315459,6.493709567880373,8.807708833939845,4.87457929173085
522306,JO-B1_a,JO-B1_a_L,L,acetylcholine,0.8808579444885254,186,229,Traced,,1,sense_hearing,,,,
91189,LC6,LC6_R,R,acetylcholine,0.9152478575706482,147,407,Traced,18842.0,1,sense_looming,93.01729903293776,29.174695743245266,9.08021657371571,3.71861483512222
23377,LC10a,LC10a_R,R,acetylcholine,0.935314416885376,369,1797,Traced,10573.0,1,sense_pursuit,20.301151404229273,16.015988803855862,6.828672603246529,3.979231472382751
36779,LC10a,LC10a_R,R,acetylcholine,0.9606552124023438,207,862,Traced,10573.0,1,sense_pursuit,104.77045297391466,18.304501022533316,7.238961716892494,5.956686228104155
211937357,JO-CM,JO-CM_L,L,acetylcholine,0.8450371623039246,172,69,Traced,,1,sense_hearing,,,,
19146,LPLC2,LPLC2_R,R,acetylcholine,0.9458814859390259,403,2773,Traced,11498.0,1,sense_looming,12.980651735337442,9.706860198788505,6.751616910282476,5.531120110626807
30480,LC4,LC4_R,R,acetylcholine,0.9412277936935425,376,2987,Traced,12032.0,1,sense_looming,91.85130126977167,46.696697148405306,15.534008541303574,6.988601776196954
32286,LC10a,LC10a_L,L,acetylcholine,0.9535435438156128,275,892,Traced,10573.0,1,sense_pursuit,110.03643636111205,-29.333547924131075,8.06353636533473,4.258288640074276
29873,LPLC2,LPLC2_R,R,acetylcholine,0.9524139761924744,261,1826,Traced,11498.0,1,sense_looming,84.99938116044726,-7.726403618026957,9.33372790486093,5.850868588123872
12990,CL322,CL322_R,R,acetylcholine,0.9601787328720093,1001,4993,Traced,11720.0,1,middle_feedback,,,,
20162,LPLC2,LPLC2_R,R,acetylcholine,0.9248057007789612,428,3085,Traced,11498.0,1,sense_looming,28.53085587112767,23.590755103846718,6.640616619824837,5.010584326007247
13291,PS230,PS230(PLP242)_L,L,acetylcholine,0.9571298956871033,937,3480,Traced,11216.0,1,middle_feedback,,,,
28543,LC10a,LC10a_L,L,acetylcholine,0.9209595322608948,307,1017,Traced,10573.0,1,sense_pursuit,1.2746437802686117,-13.47502518599235,5.088908560919374,3.177076775285577
79855,JO-B3,JO-B3_L,L,acetylcholine,0.9611591696739197,143,151,Traced,,1,sense_hearing,,,,
517167,SAD104,SAD104_L,L,gaba,0.8864021301269531,326,704,Traced,19637.0,-1,middle_feedback,,,,
10489,GNG502,GNG502_R,R,gaba,0.835834264755249,1588,6681,Traced,10489.0,-1,middle_feedback,,,,
22248,LC10a,LC10a_R,R,acetylcholine,0.9543671011924744,381,1722,Traced,10573.0,1,sense_pursuit,41.57254113936453,11.581917963790772,7.2536003736618415,4.433073177167542
13381,ANXXX027,ANXXX027_L,L,acetylcholine,0.9625641107559204,1675,17886,Traced,13181.0,1,middle_feedback,,,,
202892,,,R,acetylcholine,0.9714362621307373,884,3778,Traced,,1,middle_feedback,,,,
19120,LC10a,LC10a_L,L,acetylcholine,0.9484915733337402,259,896,Traced,10573.0,1,sense_pursuit,-7.675236917767631,1.8911202998243652,4.545718978871788,4.755314304133981
30087,LC4,LC4_L,L,acetylcholine,0.9580777287483215,291,1867,Traced,12032.0,1,sense_looming,88.32954809012205,13.313241790547835,11.182663864381087,5.792960053704515
242202,JO-EV6,JO-EV6_R,R,acetylcholine,0.8570622801780701,33,26,Traced,,1,sense_hearing,,,,
523858,WED109,WED109_R,R,acetylcholine,0.9414004683494568,640,3410,Traced,12459.0,1,middle_feedback,,,,
514568,JO-EV3,JO-EV3_R,R,acetylcholine,0.7436500787734985,273,135,Traced,,1,sense_hearing,,,,
301867,JO-EV1,JO-EV1_L,L,acetylcholine,0.9061647653579712,212,100,Traced,,1,sense_hearing,,,,
10957,DNp69,DNp69(CL304)_R,R,acetylcholine,0.9631105661392212,2757,11920,Traced,10957.0,1,middle_feedback,,,,
93383,JO-EV2,JO-EV2_L,L,acetylcholine,0.9249913692474365,273,266,Traced,,1,sense_hearing,,,,
22339,LC10a,LC10a_L,L,acetylcholine,0.9551700353622437,397,1298,Traced,10573.0,1,sense_pursuit,5.095468300676714,-5.18258477709545,5.394161288786563,3.9961828637396026
127912,JO-FV,JO-FV_L,L,acetylcholine,0.9550760984420776,148,152,Traced,,1,sense_hearing,,,,
21835,LC10a,LC10a_L,L,acetylcholine,0.9523991942405701,348,1203,Traced,10573.0,1,sense_pursuit,49.84418098855578,27.1107968178256,7.675859107320374,3.869382316289366
27471,LPLC2,LPLC2_R,R,acetylcholine,0.954246997833252,284,1997,Traced,11498.0,1,sense_looming,94.1827409675714,-25.13713529870175,9.393937300747183,4.610053616222936
398883,JO-A1,JO-A1_R,R,acetylcholine,0.9400299191474915,28,22,Traced,,1,sense_hearing,,,,
23148,LC10a,LC10a_L,L,acetylcholine,0.9502192735671997,317,1099,Traced,10573.0,1,sense_pursuit,-1.162047955019741,7.681133149466504,5.540669969518885,3.1288949328288322
68166,CB0956,CB0956_R,R,acetylcholine,0.9366854429244995,306,1319,Traced,17357.0,1,middle_feedback,,,,
516820,GNG127,GNG127_L,L,gaba,0.8427996635437012,1200,3518,Traced,11982.0,-1,middle_feedback,,,,
10147,LHAD1g1,LHAD1g1_L,L,gaba,0.8251751065254211,3234,26264,Traced,10147.0,-1,middle_gf,,,,
77969,JO-EV1,JO-EV1_L,L,acetylcholine,0.9491013288497925,265,201,Traced,,1,sense_hearing,,,,
36783,LC10a,LC10a_L,L,acetylcholine,0.9702432155609131,216,576,Traced,10573.0,1,sense_pursuit,63.083003441165886,-48.911515559344366,6.789905267447166,2.4259036460174683
804642,TTMn,TTMn_L,L,glutamate,0.4839480519294739,314,2774,Traced,800146.0,-1,out_escape,,,,
10333,PS306,PS306_R,R,gaba,0.8651553392410278,2044,11149,Traced,10333.0,-1,middle_feedback,,,,
12427,PVLP069,PVLP069_L,L,acetylcholine,0.9669822454452515,1753,6389,Traced,12427.0,1,middle_feedback,,,,
31607,LC6,LC6_R,R,acetylcholine,0.9400513768196106,224,810,Traced,18842.0,1,sense_looming,95.61705184318379,-48.275987097334806,12.337176335905736,3.4492754353308728
522865,WED117,WED117_R,R,acetylcholine,0.8403545022010803,599,1636,Traced,13261.0,1,middle_feedback,,,,
26112,LC4,LC4_R,R,acetylcholine,0.9630496501922607,332,2322,Traced,12032.0,1,sense_looming,75.35994682399091,44.86874202875815,12.684391561559963,5.430791422625975
520660,JO-CM,JO-CM_L,L,acetylcholine,0.9512518644332886,289,139,Traced,,1,sense_hearing,,,,
140357,JO-CL,JO-CL_L,L,acetylcholine,0.9447831511497498,97,148,Traced,,1,sense_hearing,,,,
30280,AOTU059,AOTU059_R,R,gaba,0.8611207604408264,316,1086,Traced,14368.0,-1,middle_feedback,,,,
32946,LC10a,LC10a_R,R,acetylcholine,0.9522627592086792,216,771,Traced,10573.0,1,sense_pursuit,29.085263387678424,-35.67903908156619,4.355365689189464,2.8837837613034965
206174566,JO-EV1,JO-EV1_R,R,acetylcholine,0.7085326910018921,62,51,Traced,,1,sense_hearing,,,,
23098,LC4,LC4_R,R,acetylcholine,0.971932590007782,347,2625,Traced,12032.0,1,sense_looming,39.49555359014012,-6.476672598676238,12.641902935758239,7.314574362413814
22505,LC10a,LC10a_R,R,acetylcholine,0.9533036351203918,317,1162,Traced,10573.0,1,sense_pursuit,70.06965608574023,-35.682789994092616,6.423776933201025,3.78654194309203
22253,LPLC2,LPLC2_L,L,acetylcholine,0.9475025534629822,392,2401,Traced,11498.0,1,sense_looming,43.88022820652267,21.965306347021865,6.544040911490303,3.9754297357808674
26963,LC10a,LC10a_L,L,acetylcholine,0.9504029154777527,319,1016,Traced,10573.0,1,sense_pursuit,58.62315739531991,-39.41488312891197,4.7645244614107165,3.513887792830048
512192,VES099,VES099_L,L,gaba,0.8212804794311523,467,2060,Traced,512192.0,-1,middle_feedback,,,,
524616,LC10a,LC10a_L,L,acetylcholine,0.9552077054977417,199,766,Traced,10573.0,1,sense_pursuit,6.193896043431547,32.43385899551885,5.965817332825218,4.5027166736002675
588414,CB4163,CB4163_L,L,gaba,0.8725535869598389,394,1185,Traced,,-1,middle_feedback,,,,
51695,LC6,LC6_L,L,acetylcholine,0.9328073263168335,231,716,Traced,18842.0,1,sense_looming,98.54132341242922,-50.16471334887332,14.548198547862203,3.1332431556537848
153859,JO-B1_b,JO-B1_b_L,L,acetylcholine,0.8642477989196777,79,144,Traced,,1,sense_hearing,,,,
213985,JO-B1_a,JO-B1_a_L,L,acetylcholine,0.9439477324485779,63,173,Traced,,1,sense_hearing,,,,
519724,LAL014,LAL014_L,L,acetylcholine,0.9296233057975769,1485,9138,Traced,12724.0,1,middle_feedback,,,,
22783,LC10a,LC10a_R,R,acetylcholine,0.9594197869300842,317,1339,Traced,10573.0,1,sense_pursuit,48.49951264987414,-20.566454719739014,7.556289703563791,3.7596591435058655
520386,ANXXX108,ANXXX108_L,L,gaba,0.8835430145263672,1560,2574,Traced,520386.0,-1,middle_feedback,,,,
11164,GNG124,GNG124_R,R,gaba,0.8787901997566223,1663,4556,Traced,11164.0,-1,middle_feedback,,,,
531899,AVLP452,AVLP452_L,L,acetylcholine,0.9347429871559143,461,4067,Traced,531899.0,1,middle_gf,,,,
11895,PVLP022,PVLP022_L,L,gaba,0.8736913800239563,883,4876,Traced,11895.0,-1,middle_feedback,,,,
376040,JO-EV2,JO-EV2_R,R,acetylcholine,0.739166259765625,136,67,Traced,,1,sense_hearing,,,,
23499,LC10a,LC10a_R,R,acetylcholine,0.9572495818138123,333,1367,Traced,10573.0,1,sense_pursuit,85.11587328957445,-23.74283523777106,7.8378490599495025,3.5144220059889157
516604,JO-EV3,JO-EV3_R,R,acetylcholine,0.8943171501159668,301,163,Traced,,1,sense_hearing,,,,
23392,LC4,LC4_R,R,acetylcholine,0.9551230072975159,346,2451,Traced,12032.0,1,sense_looming,46.8709674529939,-1.1346545464898128,11.852451990106218,7.111081452947027
25267,LPLC2,LPLC2_R,R,acetylcholine,0.9610270857810974,283,1833,Traced,11498.0,1,sense_looming,128.4693534361539,-34.85220600180799,8.810455088868194,3.989808163427096
224061,JO-FD2,JO-FD2_R,R,acetylcholine,0.9562677145004272,105,82,Traced,,1,sense_hearing,,,,
29979,LC10a,LC10a_R,R,acetylcholine,0.9445086121559143,257,1129,Traced,10573.0,1,sense_pursuit,90.70099057305767,20.093458247478623,7.997703619660339,4.960270077293542
28741,LPLC2,LPLC2_R,R,acetylcholine,0.9522399306297302,259,1923,Traced,11498.0,1,sense_looming,101.47853854187134,5.414375668703045,9.520890134726141,5.516881941558552
29744,LC10a,LC10a_R,R,acetylcholine,0.9357619285583496,299,978,Traced,10573.0,1,sense_pursuit,8.247462190113012,32.47076399075394,6.821855976063472,3.8621564160350914
515145,CB1948,CB1948_L,L,gaba,0.7925550937652588,401,1533,Traced,18167.0,-1,middle_feedback,,,,
523643,CB0307,CB0307_R,R,gaba,0.8597590327262878,886,4829,Traced,511752.0,-1,middle_gf,,,,
26811,LC10a,LC10a_R,R,acetylcholine,0.9384648203849792,321,1414,Traced,10573.0,1,sense_pursuit,66.92500405339864,11.366188678420372,6.5255534722788955,4.204524407521731
22959,LC10a,LC10a_L,L,acetylcholine,0.9352558255195618,344,1022,Traced,10573.0,1,sense_pursuit,49.894707325234805,-21.947001180616077,5.02615972670497,3.445822683735426
514670,LPLC2,LPLC2_L,L,acetylcholine,0.9492895603179932,458,2754,Traced,11498.0,1,sense_looming,-5.85094947176724,12.850614505405218,6.067334853027294,7.253461192592239
517165,CB4176,CB4176_L,L,gaba,0.8631100654602051,651,1386,Traced,,-1,middle_feedback,,,,
23349,LPLC2,LPLC2_L,L,acetylcholine,0.9201390743255615,391,2173,Traced,11498.0,1,sense_looming,32.834719962325416,13.295635581752649,6.764975492820629,4.583034217020714
32657,LC10a,LC10a_L,L,acetylcholine,0.9561209678649902,313,1261,Traced,10573.0,1,sense_pursuit,18.676082576507135,30.218344926155325,5.646615155564908,4.507764046572278
928361,JO-B1_a,JO-B1_a_L,L,acetylcholine,0.8749650120735168,175,213,Traced,,1,sense_hearing,,,,
11391,SAD109,SAD109_M,M,gaba,0.8112451434135437,1209,1697,Traced,,-1,middle_gf,,,,
19911,LPLC2,LPLC2_L,L,acetylcholine,0.9445652365684509,257,1231,Traced,11498.0,1,sense_looming,139.2479262916394,-22.84075949095562,7.89800894328989,4.397865950022517
38374,LC10a,LC10a_R,R,acetylcholine,0.9575880169868469,226,949,Traced,10573.0,1,sense_pursuit,91.57151305832441,39.84345371251659,8.283443836308065,3.737200966502729
287167,JO-FV,JO-FV_L,L,acetylcholine,0.9492326378822327,114,68,Traced,,1,sense_hearing,,,,
49244,LC10a,LC10a_R,R,acetylcholine,0.9597992300987244,130,469,Traced,10573.0,1,sense_pursuit,134.7435443489951,3.048923692290657,8.702322160184993,4.33469477232457
10361,DNg40,DNg40(hb5813056435)_L,L,glutamate,0.6216921210289001,1432,9198,Traced,10361.0,-1,middle_feedback,,,,
32090,LC10a,LC10a_L,L,acetylcholine,0.9572725892066956,278,861,Traced,10573.0,1,sense_pursuit,29.94098976649265,-38.742839076380804,6.073325967438949,3.5424254949489544
10228,DNp06,DNp06_L,L,acetylcholine,0.9495065808296204,3003,23365,Traced,10228.0,1,out_escape,,,,
23550,LPLC2,LPLC2_L,L,acetylcholine,0.9618776440620422,302,1631,Traced,11498.0,1,sense_looming,78.0849311464443,13.224249108986754,7.069838396427231,3.9610819799113317
403791,JO-B1_c,JO-B1_c_L,L,acetylcholine,0.8129448890686035,96,109,Traced,,1,sense_hearing,,,,
33474,SAD049,SAD049_R,R,acetylcholine,0.9457713961601257,804,3847,Traced,33474.0,1,middle_gf,,,,
22750,LC10a,LC10a_R,R,acetylcholine,0.9200524687767029,373,1491,Traced,10573.0,1,sense_pursuit,45.92092287717923,-15.083945415200716,7.677955243955208,4.417111047594264
10887,IB114,IB114_R,R,gaba,0.8595002889633179,1690,7992,Traced,,-1,middle_feedback,,,,
12724,LAL014,LAL014_R,R,acetylcholine,0.905163049697876,1493,8560,Traced,12724.0,1,middle_feedback,,,,
27067,LC10a,LC10a_R,R,acetylcholine,0.9542791843414307,285,1079,Traced,10573.0,1,sense_pursuit,78.61389817022427,11.624842834895617,8.078635334831215,4.264361710471762
11977,GNG636,GNG636_L,L,gaba,0.8380200862884521,1030,3530,Traced,10462.0,-1,middle_feedback,,,,
11664,AVLP209,AVLP209_R,R,gaba,0.7703805565834045,2800,12113,Traced,11664.0,-1,middle_feedback,,,,
14683,CL263,CL263_R,R,acetylcholine,0.9645254611968994,1234,6312,Traced,14683.0,1,middle_feedback,,,,
10417,DNp103,DNp103(PVLP119)_L,L,acetylcholine,0.951883852481842,2761,27113,Traced,10283.0,1,middle_gf,,,,
79513,JO-EV3,JO-EV3_L,L,acetylcholine,0.9391900897026062,300,158,Traced,,1,sense_hearing,,,,
11507,PLP211,PLP211_R,R,unclear,0.4178531765937805,4003,5564,Traced,11303.0,0,middle_feedback,,,,
12870,AVLP500,AVLP500_R,R,acetylcholine,0.9695968627929688,1322,11142,Traced,11697.0,1,middle_feedback,,,,
213338,JO-CA1,JO-CA1_R,R,acetylcholine,0.929590106010437,86,111,Traced,,1,sense_hearing,,,,
10442,DNa01,DNa01(VES006)_L,L,acetylcholine,0.9508636593818665,2644,13087,Traced,10442.0,1,out_steer,,,,
25450,LC10a,LC10a_L,L,acetylcholine,0.961467981338501,293,991,Traced,10573.0,1,sense_pursuit,8.80074402858406,-20.800282895939603,5.16730994054636,4.397412017382256
24824,LC6,LC6_L,L,acetylcholine,0.9656943082809448,215,664,Traced,18842.0,1,sense_looming,26.13870367290415,-28.067931495934598,9.066030113485747,4.220708860671994
42082,LC6,LC6_L,L,acetylcholine,0.954937756061554,245,920,Traced,18842.0,1,sense_looming,52.088595858123824,7.337361815725956,11.719371242238998,3.444516447947601
36717,SAD023,SAD023_R,R,gaba,0.8475402593612671,225,754,Traced,29859.0,-1,middle_feedback,,,,
38423,CB2940,CB2940_L,L,acetylcholine,0.9566599130630493,752,2792,Traced,14155.0,1,middle_feedback,,,,
512159,CL263,CL263_L,L,acetylcholine,0.9636353850364685,1224,5946,Traced,14683.0,1,middle_feedback,,,,
86281,JO-EV5,JO-EV5_L,L,acetylcholine,0.9494431614875793,345,272,Traced,,1,sense_hearing,,,,
275117,JO-EV6,JO-EV6_L,L,acetylcholine,0.9657472372055054,216,87,Traced,,1,sense_hearing,,,,
413003,JO-FV,JO-FV_R,R,acetylcholine,0.8128772974014282,12,5,Traced,,1,sense_hearing,,,,
27915,LC10a,LC10a_L,L,acetylcholine,0.9194784164428711,316,1125,Traced,10573.0,1,sense_pursuit,-1.3123947826372024,15.715955083645014,5.580757576031262,4.1278146411866965
521628,JO-A2,JO-A2_L,L,acetylcholine,0.9348872303962708,365,340,Traced,,1,sense_hearing,,,,
52329,LC10a,LC10a_R,R,acetylcholine,0.9200210571289062,142,512,Traced,10573.0,1,sense_pursuit,-9.440581875107132,2.296294026590857,4.63705409516998,4.693897429398745
20021,CB2472,CB2472_L,L,acetylcholine,0.9576471447944641,284,805,Traced,,1,middle_feedback,,,,
75379,EA06B010,EA06B010_R,R,glutamate,0.7699580192565918,2579,3850,Traced,63441.0,-1,middle_feedback,,,,
86133,JO-EV3,JO-EV3_L,L,acetylcholine,0.9533452987670898,317,212,Traced,,1,sense_hearing,,,,
519124,AMMC035,AMMC035_L,L,gaba,0.8615438342094421,235,678,Traced,16073.0,-1,middle_feedback,,,,
495608985,JO-CM,JO-CM_R,R,acetylcholine,0.7928290963172913,64,21,Traced,,1,sense_hearing,,,,
35250,LC10a,LC10a_R,R,acetylcholine,0.9248090386390686,214,709,Traced,10573.0,1,sense_pursuit,111.69708001752124,6.0673242910064715,7.181950005819297,5.371282900140438
33215,LC6,LC6_L,L,acetylcholine,0.9516582489013672,210,555,Traced,18842.0,1,sense_looming,15.928187669305082,-16.538223296657222,12.905420403289503,3.5141729046868595
33037,DNp69,DNp69(CL304)_L,L,acetylcholine,0.957341194152832,2791,12393,Traced,10957.0,1,middle_feedback,,,,
29815,LPLC2,LPLC2_L,L,acetylcholine,0.960363507270813,270,1555,Traced,11498.0,1,sense_looming,123.22745919869308,-17.60966514281653,8.740260753781884,4.9391749263155384
34407,LPLC2,LPLC2_L,L,acetylcholine,0.9366710782051086,306,1706,Traced,11498.0,1,sense_looming,82.15912906727635,-6.585951117715524,11.99456830927878,6.331375060579572
531848,LC6,LC6_L,L,acetylcholine,0.9299830794334412,130,354,Traced,18842.0,1,sense_looming,112.78049288693676,26.96553051044563,11.507841589831814,2.6801690716700595
25641,LC10a,LC10a_R,R,acetylcholine,0.9476880431175232,323,1351,Traced,10573.0,1,sense_pursuit,67.7722425882519,20.80032344272182,9.220951891678993,4.118972876586927
13240,LAL026_b,LAL026_b_R,R,acetylcholine,0.9662009477615356,796,2771,Traced,13240.0,1,middle_feedback,,,,
16815,GNG343,GNG343_R,M,gaba,0.853996992111206,513,2291,Traced,16168.0,-1,middle_feedback,,,,
519875,JO-B1_a,JO-B1_a_L,L,acetylcholine,0.8967141509056091,199,260,Traced,,1,sense_hearing,,,,
84153,JO-CL,JO-CL_L,L,acetylcholine,0.9681358933448792,147,145,Traced,,1,sense_hearing,,,,
15052,PVLP100,PVLP100_L,L,gaba,0.8365595936775208,1099,9033,Traced,15052.0,-1,middle_feedback,,,,
68463,LC10a,LC10a_L,L,acetylcholine,0.9314212799072266,157,613,Traced,10573.0,1,sense_pursuit,108.45078973464578,37.41809629079526,5.641608419512095,4.576810320140297
258426,JO-B2,JO-B2_L,L,acetylcholine,0.939444363117218,110,130,Traced,,1,sense_hearing,,,,
15597,,,L,acetylcholine,0.9603226184844971,404,2005,Traced,,1,middle_feedback,,,,
25584,LC4,LC4_R,R,acetylcholine,0.9682778120040894,301,2247,Traced,12032.0,1,sense_looming,92.7466844396399,-22.52835526336701,12.234322871440535,6.414329355496656
407325,JO-FV,JO-FV_R,R,acetylcholine,0.9610470533370972,71,59,Traced,,1,sense_hearing,,,,
10494,AVLP076,AVLP076_L,L,gaba,0.7998197674751282,5512,36363,Traced,10494.0,-1,middle_feedback,,,,
27334,LC10a,LC10a_R,R,acetylcholine,0.9489622116088867,301,1365,Traced,10573.0,1,sense_pursuit,-1.5862752246696168,11.599768262571558,9.002743201132454,10.162217005412288
549014,JO-B2,JO-B2_L,L,acetylcholine,0.9380006194114685,132,156,Traced,,1,sense_hearing,,,,
23112,PVLP074,PVLP074_R,R,acetylcholine,0.9610471129417419,567,3536,Traced,19658.0,1,middle_feedback,,,,
33416,AOTU059,AOTU059_L,L,gaba,0.8379102349281311,339,696,Traced,14368.0,-1,middle_feedback,,,,
238817349,JO-FV,JO-FV_L,L,acetylcholine,0.8668448328971863,27,14,Traced,,1,sense_hearing,,,,
33219,LC10a,LC10a_L,L,acetylcholine,0.938511848449707,268,739,Traced,10573.0,1,sense_pursuit,127.50532770316235,-23.401435001748823,8.3491761224286,6.175859582201166
12458,LC10a,LC10a_L,L,acetylcholine,0.9512486457824707,372,1542,Traced,10573.0,1,sense_pursuit,34.076120617572634,13.142068289690243,6.216241027198511,4.775055514548414
145088940,JO-EV3,JO-EV3_R,R,acetylcholine,0.7030953764915466,75,36,Traced,,1,sense_hearing,,,,
31257,LPLC2,LPLC2_R,R,acetylcholine,0.9553946852684021,251,1778,Traced,11498.0,1,sense_looming,127.7408196152704,-12.571837251334244,8.51884900088174,4.25821388434605
29753,LPLC2,LPLC2_L,L,acetylcholine,0.9581426382064819,234,1262,Traced,11498.0,1,sense_looming,116.44183193100332,13.384791747028615,6.34685810416298,6.153938510689054
28904,LC10a,LC10a_L,L,acetylcholine,0.9560607075691223,364,1343,Traced,10573.0,1,sense_pursuit,52.393120811468165,14.144799775612839,7.36123560831693,3.427986107479666
21780,LoVP76,LoVP76_R,R,glutamate,0.7873685956001282,449,1376,Traced,21780.0,-1,middle_feedback,,,,
69797,JO-CM,JO-CM_L,L,acetylcholine,0.9429723620414734,244,137,Traced,,1,sense_hearing,,,,
519926,AOTU025,AOTU025_R,R,acetylcholine,0.9490718841552734,984,12366,Traced,516361.0,1,middle_steer,,,,
19543,LC4,LC4_R,R,acetylcholine,0.9572497010231018,388,2831,Traced,12032.0,1,sense_looming,112.4237443528893,-22.890626980773867,11.397031761141639,6.933787622138284
274169,JO-B1_b,JO-B1_b_L,L,acetylcholine,0.9000765681266785,91,108,Traced,,1,sense_hearing,,,,
57264,LC10a,LC10a_R,R,acetylcholine,0.8569208979606628,140,592,Traced,10573.0,1,sense_pursuit,0.4542646687325007,-14.400735180621368,5.9729204710889094,4.920757400176536
527704,CL038,CL038_R,R,glutamate,0.7520958185195923,452,2923,Traced,17144.0,-1,middle_feedback,,,,
10212,AOTU042,AOTU042_L,L,gaba,0.8570330142974854,3579,10679,Traced,10212.0,-1,middle_feedback,,,,
17266,LC4,LC4_R,R,acetylcholine,0.9705763459205627,467,3489,Traced,12032.0,1,sense_looming,36.4550718916078,49.377182512166115,15.279289550636927,5.5072938162814085
21045,LPLC2,LPLC2_R,R,acetylcholine,0.9427957534790039,395,2518,Traced,11498.0,1,sense_looming,48.44916978041923,32.18878638807686,7.606404186694925,4.283376091103803
519387,WED060,WED060_L,L,acetylcholine,0.9671155214309692,764,2486,Traced,14861.0,1,middle_feedback,,,,
427762,JO-A2,JO-A2_R,R,acetylcholine,0.9747326970100403,24,12,Traced,,1,sense_hearing,,,,
17926,LC4,LC4_R,R,acetylcholine,0.9271884560585022,408,3112,Traced,12032.0,1,sense_looming,30.990770592446445,-20.94900589561172,12.79407095919828,8.602588362172856
40378,LC6,LC6_L,L,acetylcholine,0.9269983172416687,244,697,Traced,18842.0,1,sense_looming,96.86860282751537,-30.203464483779065,10.582343692429195,3.5342391670266546
192450,JO-CM,JO-CM_L,L,acetylcholine,0.899832546710968,285,122,Traced,,1,sense_hearing,,,,
232880,JO-A1,JO-A1_L,L,acetylcholine,0.8481336832046509,161,60,Traced,,1,sense_hearing,,,,
545702226,JO-EV1,JO-EV1_R,R,acetylcholine,0.6357499957084656,189,98,Traced,,1,sense_hearing,,,,
62280,LC10a,LC10a_L,L,acetylcholine,0.9394745230674744,165,759,Traced,10573.0,1,sense_pursuit,-13.572927865791213,6.46544043675253,3.5514552562430572,5.021415374461386
32661,LC6,LC6_R,R,acetylcholine,0.9519535899162292,213,896,Traced,18842.0,1,sense_looming,63.21677931604633,-32.4797344433603,11.384081884986925,4.434952386982571
18672,LPLC2,LPLC2_R,R,acetylcholine,0.9573228359222412,446,2790,Traced,11498.0,1,sense_looming,2.023642634523519,24.987335453800014,7.112819384148139,7.319061121042736
29523,CB1638,CB1638_R,R,acetylcholine,0.9383308291435242,213,823,Traced,,1,middle_feedback,,,,
555500,DNg29,DNg29_R,R,acetylcholine,0.942352294921875,2546,7515,Traced,10536.0,1,middle_feedback,,,,
11435,LoVP54,LoVP54_R,R,acetylcholine,0.9544240236282349,2051,5893,Traced,,1,middle_feedback,,,,
36311,LC6,LC6_L,L,acetylcholine,0.9468408226966858,209,556,Traced,18842.0,1,sense_looming,18.719384693494618,-5.630759540049979,9.70387409746012,3.5278137977842747
12237,SAD055,SAD055_L,L,acetylcholine,0.8803651332855225,1120,2243,Traced,12237.0,1,middle_feedback,,,,
33694,LPLC2,LPLC2_R,R,acetylcholine,0.9557784199714661,256,1522,Traced,11498.0,1,sense_looming,126.75069735688055,22.30390013498966,7.756121419563174,5.349683262898987
34351,LC10a,LC10a_L,L,acetylcholine,0.9386431574821472,242,787,Traced,10573.0,1,sense_pursuit,17.723526046030507,-30.503857706491825,4.621848537485854,3.3152730659798304
15420,SAD001,SAD001_L,L,acetylcholine,0.9641807675361633,460,1996,Traced,10743.0,1,middle_feedback,,,,
26740,LC10a,LC10a_L,L,acetylcholine,0.9447243213653564,388,1209,Traced,10573.0,1,sense_pursuit,35.61333712179715,-4.157236039492162,8.339569432552596,3.571626407719251
513691,LAL026_a,LAL026_a_R,R,acetylcholine,0.9732582569122314,659,4460,Traced,10962.0,1,middle_feedback,,,,
85544,AVLP452,AVLP452_R,R,acetylcholine,0.8915059566497803,338,2913,Traced,85544.0,1,middle_gf,,,,
921745,JO-ED2_b,JO-ED2_b_R,R,acetylcholine,0.9287827610969543,274,152,Traced,,1,sense_hearing,,,,
10252,CL001,CL001_R,R,glutamate,0.7961288094520569,2621,16277,Traced,10252.0,-1,middle_feedback,,,,
11498,LPLC2,LPLC2_L,L,acetylcholine,0.9719991087913513,354,1588,Traced,11498.0,1,sense_looming,38.782105482444734,-40.31436640757794,13.06235447560292,5.775090568051892
10971,DNa11,DNa11(VES008)_L,L,acetylcholine,0.969733476638794,2523,13027,Traced,10971.0,1,middle_feedback,,,,
524215,SMP148,SMP148_R,R,gaba,0.7746286988258362,786,5749,Traced,14608.0,-1,middle_feedback,,,,
23775,AOTU016_b,AOTU016_b_L,L,acetylcholine,0.945854902267456,437,2695,Traced,19066.0,1,middle_feedback,,,,
145198,JO-EV6,JO-EV6_L,L,acetylcholine,0.9172712564468384,253,116,Traced,,1,sense_hearing,,,,
10100,LoVCLo3,LoVCLo3_R,R,octopamine,0.8676259517669678,8584,13315,Traced,10100.0,0,middle_feedback,,,,
28011,LPLC2,LPLC2_L,L,acetylcholine,0.9590233564376831,309,1679,Traced,11498.0,1,sense_looming,94.70614141014603,25.52197339561846,7.458883107196496,4.609202813178225
23128,LC10a,LC10a_R,R,acetylcholine,0.9583680629730225,356,1367,Traced,10573.0,1,sense_pursuit,70.27776567136966,1.5206351895269705,8.554866112189895,3.817716027310622
100485,LC4,LC4_L,L,acetylcholine,0.9441555142402649,317,2063,Traced,12032.0,1,sense_looming,69.27452332917882,28.551608126618348,11.756779811331057,6.4822654295508775
308087,JO-A1,JO-A1_R,R,acetylcholine,0.9099541902542114,15,17,Traced,,1,sense_hearing,,,,
520657,JO-B4_b,JO-B4_b_L,L,acetylcholine,0.9747326970100403,230,107,Traced,,1,sense_hearing,,,,
37485,LC6,LC6_R,R,acetylcholine,0.9476541876792908,215,697,Traced,18842.0,1,sense_looming,96.23721562777843,-9.312669196270434,13.514723936910572,4.648820853836512
10373,PVLP141,PVLP141_L,L,acetylcholine,0.9379583597183228,1505,8182,Traced,10373.0,1,middle_feedback,,,,
514084,JO-ED2_b,JO-ED2_b_R,R,acetylcholine,0.8585060834884644,317,188,Traced,,1,sense_hearing,,,,
308970,JO-FV,JO-FV_L,L,acetylcholine,0.9567603468894958,108,102,Traced,,1,sense_hearing,,,,
11102,PVLP046,PVLP046_L,L,gaba,0.871385395526886,579,894,Traced,11102.0,-1,middle_feedback,,,,
801828,IN12B015,IN12B015_L,L,gaba,0.8846696019172668,1349,3898,Traced,801828.0,-1,middle_feedback,,,,
47400,LC10a,LC10a_R,R,acetylcholine,0.9364466071128845,152,525,Traced,10573.0,1,sense_pursuit,159.98138358221752,-17.32974509516181,5.955603412307651,5.393044566756909
14700,AN01A086,AN01A086_R,R,acetylcholine,0.9611670970916748,1716,2182,Traced,14700.0,1,middle_feedback,,,,
518983,LC4,LC4_L,L,acetylcholine,0.9693805575370789,363,2184,Traced,12032.0,1,sense_looming,87.3366978947114,-44.48857254635681,12.953398765453986,5.155530010496435
24840,LPLC2,LPLC2_L,L,acetylcholine,0.9715259671211243,303,2087,Traced,11498.0,1,sense_looming,71.40832503793851,1.0143479817983092,9.139788282278802,5.8198579722724135
19787,LPLC2,LPLC2_L,L,acetylcholine,0.9388947486877441,379,2009,Traced,11498.0,1,sense_looming,47.01396017013257,41.632433793795954,9.115018847831125,3.844635693018401
512176,CB2824,CB2824_L,L,gaba,0.8320827484130859,385,2052,Traced,,-1,middle_feedback,,,,
533752,CB1948,CB1948_L,L,gaba,0.8231988549232483,388,2147,Traced,18167.0,-1,middle_feedback,,,,
15584,LT52,LT52_R,R,glutamate,0.7619271278381348,761,4140,Traced,14485.0,-1,middle_feedback,,,,
15513,WED106,WED106_L,L,gaba,0.8300103545188904,783,1487,Traced,15513.0,-1,middle_feedback,,,,
41222,LC6,LC6_R,R,acetylcholine,0.9269704818725586,203,672,Traced,18842.0,1,sense_looming,85.36372643405038,-26.828935341758132,12.575183808432833,3.675950361511701
19508,CB0356,CB0356_L,L,acetylcholine,0.9353480935096741,419,2527,Traced,19508.0,1,middle_feedback,,,,
